algo,reward,seed,flow,cycle_num,queue_length
fixed,-,-,high,0,1.4444444444444444
fixed,-,-,high,1,4.555555555555555
fixed,-,-,high,2,4.722222222222222
fixed,-,-,high,3,4.666666666666667
fixed,-,-,high,4,5.333333333333333
fixed,-,-,high,5,4.555555555555555
fixed,-,-,high,6,4.944444444444445
fixed,-,-,high,7,4.833333333333333
fixed,-,-,high,8,5.555555555555555
fixed,-,-,high,9,4.777777777777778
fixed,-,-,high,10,4.833333333333333
fixed,-,-,high,11,5.666666666666667
fixed,-,-,high,12,5.0
fixed,-,-,high,13,4.5
fixed,-,-,high,14,5.611111111111111
fixed,-,-,high,15,5.722222222222222
fixed,-,-,high,16,4.777777777777778
fixed,-,-,high,17,3.2222222222222223
fixed,-,-,high,18,5.055555555555555
fixed,-,-,high,19,4.388888888888889
fixed,-,-,high,20,4.944444444444445
fixed,-,-,high,21,5.611111111111111
fixed,-,-,high,22,3.611111111111111
fixed,-,-,high,23,3.5555555555555554
fixed,-,-,high,24,4.111111111111111
fixed,-,-,high,25,6.111111111111111
fixed,-,-,high,26,5.0
fixed,-,-,high,27,4.666666666666667
fixed,-,-,high,28,5.222222222222222
fixed,-,-,high,29,6.222222222222222
fixed,-,-,high,30,5.222222222222222
fixed,-,-,high,31,4.5
fixed,-,-,high,32,4.166666666666667
fixed,-,-,high,33,4.333333333333333
fixed,-,-,high,34,4.722222222222222
fixed,-,-,high,35,4.222222222222222
fixed,-,-,high,36,5.166666666666667
fixed,-,-,high,37,4.388888888888889
fixed,-,-,high,38,4.111111111111111
fixed,-,-,high,39,3.8333333333333335
fixed,-,-,high,40,5.166666666666667
fixed,-,-,high,41,3.8333333333333335
fixed,-,-,high,42,3.6666666666666665
fixed,-,-,high,43,5.5
fixed,-,-,high,44,5.222222222222222
fixed,-,-,high,45,4.222222222222222
fixed,-,-,high,46,5.666666666666667
fixed,-,-,high,47,5.777777777777778
fixed,-,-,high,48,6.555555555555555
fixed,-,-,high,49,4.166666666666667
fixed,-,-,high,50,5.944444444444445
fixed,-,-,high,51,5.388888888888889
fixed,-,-,high,52,6.555555555555555
fixed,-,-,high,53,6.388888888888889
fixed,-,-,high,54,4.277777777777778
fixed,-,-,high,55,2.5
webster,-,-,high,0,0.7640449438202247
webster,-,-,high,1,0.5888888888888889
webster,-,-,high,2,0.7222222222222222
webster,-,-,high,3,0.8555555555555555
webster,-,-,high,4,0.7111111111111111
webster,-,-,high,5,0.9888888888888889
webster,-,-,high,6,0.7555555555555555
webster,-,-,high,7,0.5555555555555556
webster,-,-,high,8,1.0888888888888888
webster,-,-,high,9,1.0222222222222221
webster,-,-,high,10,1.0777777777777777
webster,-,-,high,11,0.7555555555555555
webster,-,-,high,12,0.9111111111111111
webster,-,-,high,13,0.8777777777777778
webster,-,-,high,14,0.8666666666666667
webster,-,-,high,15,0.8
webster,-,-,high,16,0.9555555555555556
webster,-,-,high,17,1.211111111111111
webster,-,-,high,18,0.9666666666666667
webster,-,-,high,19,1.1555555555555554
webster,-,-,high,20,1.1666666666666667
webster,-,-,high,21,1.0666666666666667
webster,-,-,high,22,1.211111111111111
webster,-,-,high,23,1.1222222222222222
webster,-,-,high,24,0.6555555555555556
webster,-,-,high,25,1.0444444444444445
webster,-,-,high,26,1.6
webster,-,-,high,27,0.6444444444444445
webster,-,-,high,28,1.0
webster,-,-,high,29,1.0
webster,-,-,high,30,1.0444444444444445
webster,-,-,high,31,0.8777777777777778
webster,-,-,high,32,1.0888888888888888
webster,-,-,high,33,1.1222222222222222
webster,-,-,high,34,1.1444444444444444
webster,-,-,high,35,0.9444444444444444
webster,-,-,high,36,0.9333333333333333
webster,-,-,high,37,0.7888888888888889
webster,-,-,high,38,1.0444444444444445
webster,-,-,high,39,0.9111111111111111
webster,-,-,high,40,0.8666666666666667
webster,-,-,high,41,1.1555555555555554
webster,-,-,high,42,1.0333333333333334
webster,-,-,high,43,0.9777777777777777
webster,-,-,high,44,0.9222222222222223
webster,-,-,high,45,0.7777777777777778
webster,-,-,high,46,0.8222222222222222
webster,-,-,high,47,1.0555555555555556
webster,-,-,high,48,0.8333333333333334
webster,-,-,high,49,0.6888888888888889
webster,-,-,high,50,1.1
webster,-,-,high,51,1.4333333333333333
webster,-,-,high,52,1.2333333333333334
webster,-,-,high,53,1.5777777777777777
webster,-,-,high,54,0.6555555555555556
webster,-,-,high,55,0.6862745098039216
fixed,-,-,medium,0,0.7777777777777778
fixed,-,-,medium,1,3.5555555555555554
fixed,-,-,medium,2,2.3333333333333335
fixed,-,-,medium,3,3.0
fixed,-,-,medium,4,3.0555555555555554
fixed,-,-,medium,5,1.4444444444444444
fixed,-,-,medium,6,2.7222222222222223
fixed,-,-,medium,7,3.5555555555555554
fixed,-,-,medium,8,2.888888888888889
fixed,-,-,medium,9,3.2777777777777777
fixed,-,-,medium,10,3.8333333333333335
fixed,-,-,medium,11,2.5555555555555554
fixed,-,-,medium,12,1.6111111111111112
fixed,-,-,medium,13,2.8333333333333335
fixed,-,-,medium,14,1.7777777777777777
fixed,-,-,medium,15,3.0
fixed,-,-,medium,16,3.9444444444444446
fixed,-,-,medium,17,4.222222222222222
fixed,-,-,medium,18,3.3333333333333335
fixed,-,-,medium,19,2.8333333333333335
fixed,-,-,medium,20,4.333333333333333
fixed,-,-,medium,21,3.2222222222222223
fixed,-,-,medium,22,2.2222222222222223
fixed,-,-,medium,23,3.2777777777777777
fixed,-,-,medium,24,3.7777777777777777
fixed,-,-,medium,25,3.111111111111111
fixed,-,-,medium,26,2.8333333333333335
fixed,-,-,medium,27,4.055555555555555
fixed,-,-,medium,28,2.9444444444444446
fixed,-,-,medium,29,2.7222222222222223
fixed,-,-,medium,30,2.611111111111111
fixed,-,-,medium,31,2.7777777777777777
fixed,-,-,medium,32,2.888888888888889
fixed,-,-,medium,33,1.9444444444444444
fixed,-,-,medium,34,3.9444444444444446
fixed,-,-,medium,35,2.5555555555555554
fixed,-,-,medium,36,2.388888888888889
fixed,-,-,medium,37,3.4444444444444446
fixed,-,-,medium,38,3.388888888888889
fixed,-,-,medium,39,4.277777777777778
fixed,-,-,medium,40,1.6111111111111112
fixed,-,-,medium,41,2.7222222222222223
fixed,-,-,medium,42,2.9444444444444446
fixed,-,-,medium,43,3.4444444444444446
fixed,-,-,medium,44,2.888888888888889
fixed,-,-,medium,45,3.1666666666666665
fixed,-,-,medium,46,3.388888888888889
fixed,-,-,medium,47,3.0
fixed,-,-,medium,48,2.9444444444444446
fixed,-,-,medium,49,3.0555555555555554
fixed,-,-,medium,50,3.0555555555555554
fixed,-,-,medium,51,2.888888888888889
fixed,-,-,medium,52,3.0
fixed,-,-,medium,53,3.388888888888889
fixed,-,-,medium,54,2.9444444444444446
fixed,-,-,medium,55,2.7
webster,-,-,medium,0,0.5168539325842697
webster,-,-,medium,1,0.6888888888888889
webster,-,-,medium,2,0.24444444444444444
webster,-,-,medium,3,0.6
webster,-,-,medium,4,0.5777777777777777
webster,-,-,medium,5,0.36666666666666664
webster,-,-,medium,6,0.5444444444444444
webster,-,-,medium,7,0.6333333333333333
webster,-,-,medium,8,0.35555555555555557
webster,-,-,medium,9,0.4
webster,-,-,medium,10,0.6222222222222222
webster,-,-,medium,11,0.6444444444444445
webster,-,-,medium,12,0.4777777777777778
webster,-,-,medium,13,0.4111111111111111
webster,-,-,medium,14,0.6111111111111112
webster,-,-,medium,15,0.37777777777777777
webster,-,-,medium,16,0.2111111111111111
webster,-,-,medium,17,0.3888888888888889
webster,-,-,medium,18,0.43333333333333335
webster,-,-,medium,19,0.6777777777777778
webster,-,-,medium,20,0.7666666666666667
webster,-,-,medium,21,0.4666666666666667
webster,-,-,medium,22,0.3111111111111111
webster,-,-,medium,23,0.3888888888888889
webster,-,-,medium,24,0.4666666666666667
webster,-,-,medium,25,0.5
webster,-,-,medium,26,0.5333333333333333
webster,-,-,medium,27,0.45555555555555555
webster,-,-,medium,28,0.4444444444444444
webster,-,-,medium,29,0.34444444444444444
webster,-,-,medium,30,0.5555555555555556
webster,-,-,medium,31,0.4222222222222222
webster,-,-,medium,32,0.3888888888888889
webster,-,-,medium,33,0.43333333333333335
webster,-,-,medium,34,0.45555555555555555
webster,-,-,medium,35,0.5222222222222223
webster,-,-,medium,36,0.4444444444444444
webster,-,-,medium,37,0.5666666666666667
webster,-,-,medium,38,0.6555555555555556
webster,-,-,medium,39,0.6
webster,-,-,medium,40,0.28888888888888886
webster,-,-,medium,41,0.6777777777777778
webster,-,-,medium,42,0.6555555555555556
webster,-,-,medium,43,0.4222222222222222
webster,-,-,medium,44,0.5888888888888889
webster,-,-,medium,45,0.5444444444444444
webster,-,-,medium,46,0.8111111111111111
webster,-,-,medium,47,0.3111111111111111
webster,-,-,medium,48,0.35555555555555557
webster,-,-,medium,49,0.4666666666666667
webster,-,-,medium,50,0.4111111111111111
webster,-,-,medium,51,0.35555555555555557
webster,-,-,medium,52,0.4777777777777778
webster,-,-,medium,53,0.45555555555555555
webster,-,-,medium,54,0.4666666666666667
webster,-,-,medium,55,0.17647058823529413
fixed,-,-,low,0,0.7222222222222222
fixed,-,-,low,1,1.5555555555555556
fixed,-,-,low,2,0.8333333333333334
fixed,-,-,low,3,0.9444444444444444
fixed,-,-,low,4,1.6111111111111112
fixed,-,-,low,5,1.8333333333333333
fixed,-,-,low,6,0.9444444444444444
fixed,-,-,low,7,0.8888888888888888
fixed,-,-,low,8,1.8333333333333333
fixed,-,-,low,9,2.2222222222222223
fixed,-,-,low,10,1.1666666666666667
fixed,-,-,low,11,1.3888888888888888
fixed,-,-,low,12,1.7777777777777777
fixed,-,-,low,13,2.0555555555555554
fixed,-,-,low,14,1.6666666666666667
fixed,-,-,low,15,1.6111111111111112
fixed,-,-,low,16,1.4444444444444444
fixed,-,-,low,17,0.6666666666666666
fixed,-,-,low,18,1.3888888888888888
fixed,-,-,low,19,1.6111111111111112
fixed,-,-,low,20,1.2777777777777777
fixed,-,-,low,21,0.8888888888888888
fixed,-,-,low,22,1.0
fixed,-,-,low,23,1.3333333333333333
fixed,-,-,low,24,2.388888888888889
fixed,-,-,low,25,1.0
fixed,-,-,low,26,0.9444444444444444
fixed,-,-,low,27,2.2777777777777777
fixed,-,-,low,28,2.388888888888889
fixed,-,-,low,29,1.8888888888888888
fixed,-,-,low,30,1.8888888888888888
fixed,-,-,low,31,1.7777777777777777
fixed,-,-,low,32,1.9444444444444444
fixed,-,-,low,33,1.4444444444444444
fixed,-,-,low,34,1.3888888888888888
fixed,-,-,low,35,0.5555555555555556
fixed,-,-,low,36,1.5
fixed,-,-,low,37,1.2777777777777777
fixed,-,-,low,38,0.7777777777777778
fixed,-,-,low,39,1.2222222222222223
fixed,-,-,low,40,0.8333333333333334
fixed,-,-,low,41,0.6666666666666666
fixed,-,-,low,42,1.3888888888888888
fixed,-,-,low,43,1.8888888888888888
fixed,-,-,low,44,0.9444444444444444
fixed,-,-,low,45,1.6666666666666667
fixed,-,-,low,46,2.111111111111111
fixed,-,-,low,47,1.1111111111111112
fixed,-,-,low,48,2.0
fixed,-,-,low,49,2.2777777777777777
fixed,-,-,low,50,1.3333333333333333
fixed,-,-,low,51,1.8888888888888888
fixed,-,-,low,52,1.3888888888888888
fixed,-,-,low,53,1.5555555555555556
fixed,-,-,low,54,1.5555555555555556
fixed,-,-,low,55,1.3
webster,-,-,low,0,0.5168539325842697
webster,-,-,low,1,0.15555555555555556
webster,-,-,low,2,0.15555555555555556
webster,-,-,low,3,0.17777777777777778
webster,-,-,low,4,0.1111111111111111
webster,-,-,low,5,0.2777777777777778
webster,-,-,low,6,0.2222222222222222
webster,-,-,low,7,0.06666666666666667
webster,-,-,low,8,0.1111111111111111
webster,-,-,low,9,0.28888888888888886
webster,-,-,low,10,0.2
webster,-,-,low,11,0.32222222222222224
webster,-,-,low,12,0.1111111111111111
webster,-,-,low,13,0.15555555555555556
webster,-,-,low,14,0.3333333333333333
webster,-,-,low,15,0.17777777777777778
webster,-,-,low,16,0.14444444444444443
webster,-,-,low,17,0.05555555555555555
webster,-,-,low,18,0.36666666666666664
webster,-,-,low,19,0.32222222222222224
webster,-,-,low,20,0.2111111111111111
webster,-,-,low,21,0.3111111111111111
webster,-,-,low,22,0.24444444444444444
webster,-,-,low,23,0.26666666666666666
webster,-,-,low,24,0.17777777777777778
webster,-,-,low,25,0.25555555555555554
webster,-,-,low,26,0.17777777777777778
webster,-,-,low,27,0.14444444444444443
webster,-,-,low,28,0.15555555555555556
webster,-,-,low,29,0.2
webster,-,-,low,30,0.3
webster,-,-,low,31,0.3333333333333333
webster,-,-,low,32,0.25555555555555554
webster,-,-,low,33,0.3111111111111111
webster,-,-,low,34,0.06666666666666667
webster,-,-,low,35,0.13333333333333333
webster,-,-,low,36,0.18888888888888888
webster,-,-,low,37,0.18888888888888888
webster,-,-,low,38,0.37777777777777777
webster,-,-,low,39,0.12222222222222222
webster,-,-,low,40,0.06666666666666667
webster,-,-,low,41,0.2222222222222222
webster,-,-,low,42,0.3111111111111111
webster,-,-,low,43,0.2777777777777778
webster,-,-,low,44,0.1111111111111111
webster,-,-,low,45,0.08888888888888889
webster,-,-,low,46,0.18888888888888888
webster,-,-,low,47,0.14444444444444443
webster,-,-,low,48,0.25555555555555554
webster,-,-,low,49,0.4111111111111111
webster,-,-,low,50,0.1
webster,-,-,low,51,0.23333333333333334
webster,-,-,low,52,0.2111111111111111
webster,-,-,low,53,0.13333333333333333
webster,-,-,low,54,0.2
webster,-,-,low,55,0.3137254901960784
dqn,wait-clip,s123,high,0,1.0833333333333333
dqn,wait-clip,s123,high,1,3.6666666666666665
dqn,wait-clip,s123,high,2,3.7857142857142856
dqn,wait-clip,s123,high,3,3.6153846153846154
dqn,wait-clip,s123,high,4,3.8333333333333335
dqn,wait-clip,s123,high,5,3.3636363636363638
dqn,wait-clip,s123,high,6,3.0
dqn,wait-clip,s123,high,7,4.533333333333333
dqn,wait-clip,s123,high,8,5.0
dqn,wait-clip,s123,high,9,3.090909090909091
dqn,wait-clip,s123,high,10,4.636363636363637
dqn,wait-clip,s123,high,11,3.9166666666666665
dqn,wait-clip,s123,high,12,3.6666666666666665
dqn,wait-clip,s123,high,13,3.272727272727273
dqn,wait-clip,s123,high,14,3.6923076923076925
dqn,wait-clip,s123,high,15,4.6
dqn,wait-clip,s123,high,16,4.846153846153846
dqn,wait-clip,s123,high,17,3.8181818181818183
dqn,wait-clip,s123,high,18,3.909090909090909
dqn,wait-clip,s123,high,19,4.0
dqn,wait-clip,s123,high,20,5.090909090909091
dqn,wait-clip,s123,high,21,5.583333333333333
dqn,wait-clip,s123,high,22,2.3
dqn,wait-clip,s123,high,23,2.9285714285714284
dqn,wait-clip,s123,high,24,2.9285714285714284
dqn,wait-clip,s123,high,25,3.857142857142857
dqn,wait-clip,s123,high,26,5.166666666666667
dqn,wait-clip,s123,high,27,4.916666666666667
dqn,wait-clip,s123,high,28,4.4
dqn,wait-clip,s123,high,29,6.461538461538462
dqn,wait-clip,s123,high,30,4.166666666666667
dqn,wait-clip,s123,high,31,3.7
dqn,wait-clip,s123,high,32,2.2666666666666666
dqn,wait-clip,s123,high,33,3.4166666666666665
dqn,wait-clip,s123,high,34,4.166666666666667
dqn,wait-clip,s123,high,35,4.363636363636363
dqn,wait-clip,s123,high,36,3.466666666666667
dqn,wait-clip,s123,high,37,2.4375
dqn,wait-clip,s123,high,38,3.8181818181818183
dqn,wait-clip,s123,high,39,3.4545454545454546
dqn,wait-clip,s123,high,40,4.714285714285714
dqn,wait-clip,s123,high,41,4.933333333333334
dqn,wait-clip,s123,high,42,3.6363636363636362
dqn,wait-clip,s123,high,43,3.5
dqn,wait-clip,s123,high,44,4.384615384615385
dqn,wait-clip,s123,high,45,4.181818181818182
dqn,wait-clip,s123,high,46,3.0
dqn,wait-clip,s123,high,47,4.461538461538462
dqn,wait-clip,s123,high,48,4.666666666666667
dqn,wait-clip,s123,high,49,3.1666666666666665
dqn,wait-clip,s123,high,50,5.615384615384615
dqn,wait-clip,s123,high,51,4.6923076923076925
dqn,wait-clip,s123,high,52,6.3076923076923075
dqn,wait-clip,s123,high,53,5.3076923076923075
dqn,wait-clip,s123,high,54,1.6363636363636365
dqn,wait-clip,s123,high,55,1.875
dqn,wait-clip,s123,medium,0,0.8571428571428571
dqn,wait-clip,s123,medium,1,1.6923076923076923
dqn,wait-clip,s123,medium,2,1.375
dqn,wait-clip,s123,medium,3,2.6666666666666665
dqn,wait-clip,s123,medium,4,2.25
dqn,wait-clip,s123,medium,5,1.2307692307692308
dqn,wait-clip,s123,medium,6,3.3
dqn,wait-clip,s123,medium,7,2.642857142857143
dqn,wait-clip,s123,medium,8,2.923076923076923
dqn,wait-clip,s123,medium,9,2.5
dqn,wait-clip,s123,medium,10,3.533333333333333
dqn,wait-clip,s123,medium,11,1.9090909090909092
dqn,wait-clip,s123,medium,12,1.2857142857142858
dqn,wait-clip,s123,medium,13,3.375
dqn,wait-clip,s123,medium,14,2.272727272727273
dqn,wait-clip,s123,medium,15,1.5
dqn,wait-clip,s123,medium,16,2.5
dqn,wait-clip,s123,medium,17,2.7857142857142856
dqn,wait-clip,s123,medium,18,2.8461538461538463
dqn,wait-clip,s123,medium,19,2.142857142857143
dqn,wait-clip,s123,medium,20,3.8181818181818183
dqn,wait-clip,s123,medium,21,2.6
dqn,wait-clip,s123,medium,22,2.2
dqn,wait-clip,s123,medium,23,3.3076923076923075
dqn,wait-clip,s123,medium,24,3.1875
dqn,wait-clip,s123,medium,25,2.5714285714285716
dqn,wait-clip,s123,medium,26,2.4615384615384617
dqn,wait-clip,s123,medium,27,2.7333333333333334
dqn,wait-clip,s123,medium,28,2.6
dqn,wait-clip,s123,medium,29,1.6666666666666667
dqn,wait-clip,s123,medium,30,2.2142857142857144
dqn,wait-clip,s123,medium,31,4.153846153846154
dqn,wait-clip,s123,medium,32,3.2
dqn,wait-clip,s123,medium,33,1.8181818181818181
dqn,wait-clip,s123,medium,34,2.375
dqn,wait-clip,s123,medium,35,2.1818181818181817
dqn,wait-clip,s123,medium,36,2.2
dqn,wait-clip,s123,medium,37,2.6666666666666665
dqn,wait-clip,s123,medium,38,2.230769230769231
dqn,wait-clip,s123,medium,39,2.375
dqn,wait-clip,s123,medium,40,0.9166666666666666
dqn,wait-clip,s123,medium,41,2.2
dqn,wait-clip,s123,medium,42,1.9166666666666667
dqn,wait-clip,s123,medium,43,2.3076923076923075
dqn,wait-clip,s123,medium,44,1.2727272727272727
dqn,wait-clip,s123,medium,45,2.5384615384615383
dqn,wait-clip,s123,medium,46,3.4285714285714284
dqn,wait-clip,s123,medium,47,2.5
dqn,wait-clip,s123,medium,48,2.3846153846153846
dqn,wait-clip,s123,medium,49,2.2142857142857144
dqn,wait-clip,s123,medium,50,2.5833333333333335
dqn,wait-clip,s123,medium,51,3.5
dqn,wait-clip,s123,medium,52,2.4285714285714284
dqn,wait-clip,s123,medium,53,2.25
dqn,wait-clip,s123,medium,54,2.466666666666667
dqn,wait-clip,s123,medium,55,1.8571428571428572
dqn,wait-clip,s123,low,0,0.7142857142857143
dqn,wait-clip,s123,low,1,1.3571428571428572
dqn,wait-clip,s123,low,2,0.7857142857142857
dqn,wait-clip,s123,low,3,1.0
dqn,wait-clip,s123,low,4,0.625
dqn,wait-clip,s123,low,5,1.0
dqn,wait-clip,s123,low,6,0.5384615384615384
dqn,wait-clip,s123,low,7,0.9411764705882353
dqn,wait-clip,s123,low,8,0.8
dqn,wait-clip,s123,low,9,1.6
dqn,wait-clip,s123,low,10,0.5882352941176471
dqn,wait-clip,s123,low,11,1.1538461538461537
dqn,wait-clip,s123,low,12,1.0
dqn,wait-clip,s123,low,13,1.9411764705882353
dqn,wait-clip,s123,low,14,1.125
dqn,wait-clip,s123,low,15,1.1666666666666667
dqn,wait-clip,s123,low,16,1.4166666666666667
dqn,wait-clip,s123,low,17,0.8666666666666667
dqn,wait-clip,s123,low,18,1.2307692307692308
dqn,wait-clip,s123,low,19,2.2
dqn,wait-clip,s123,low,20,0.875
dqn,wait-clip,s123,low,21,1.3076923076923077
dqn,wait-clip,s123,low,22,0.8461538461538461
dqn,wait-clip,s123,low,23,1.5
dqn,wait-clip,s123,low,24,1.7333333333333334
dqn,wait-clip,s123,low,25,0.9375
dqn,wait-clip,s123,low,26,1.1538461538461537
dqn,wait-clip,s123,low,27,2.0
dqn,wait-clip,s123,low,28,1.875
dqn,wait-clip,s123,low,29,1.5625
dqn,wait-clip,s123,low,30,1.5
dqn,wait-clip,s123,low,31,0.8571428571428571
dqn,wait-clip,s123,low,32,1.3636363636363635
dqn,wait-clip,s123,low,33,1.7647058823529411
dqn,wait-clip,s123,low,34,0.9230769230769231
dqn,wait-clip,s123,low,35,0.36363636363636365
dqn,wait-clip,s123,low,36,0.7333333333333333
dqn,wait-clip,s123,low,37,0.5333333333333333
dqn,wait-clip,s123,low,38,0.5333333333333333
dqn,wait-clip,s123,low,39,1.2666666666666666
dqn,wait-clip,s123,low,40,1.0
dqn,wait-clip,s123,low,41,0.26666666666666666
dqn,wait-clip,s123,low,42,0.7857142857142857
dqn,wait-clip,s123,low,43,0.5625
dqn,wait-clip,s123,low,44,0.6428571428571429
dqn,wait-clip,s123,low,45,1.2666666666666666
dqn,wait-clip,s123,low,46,0.8125
dqn,wait-clip,s123,low,47,0.8125
dqn,wait-clip,s123,low,48,1.9285714285714286
dqn,wait-clip,s123,low,49,2.0714285714285716
dqn,wait-clip,s123,low,50,1.5384615384615385
dqn,wait-clip,s123,low,51,1.5333333333333334
dqn,wait-clip,s123,low,52,1.1428571428571428
dqn,wait-clip,s123,low,53,1.4285714285714286
dqn,wait-clip,s123,low,54,1.8125
dqn,wait-clip,s123,low,55,1.2222222222222223
dqn,wait-clip,s42,high,0,1.5
dqn,wait-clip,s42,high,1,3.6153846153846154
dqn,wait-clip,s42,high,2,3.7333333333333334
dqn,wait-clip,s42,high,3,3.5833333333333335
dqn,wait-clip,s42,high,4,4.285714285714286
dqn,wait-clip,s42,high,5,3.090909090909091
dqn,wait-clip,s42,high,6,3.0
dqn,wait-clip,s42,high,7,4.0
dqn,wait-clip,s42,high,8,6.090909090909091
dqn,wait-clip,s42,high,9,3.0
dqn,wait-clip,s42,high,10,5.545454545454546
dqn,wait-clip,s42,high,11,3.6153846153846154
dqn,wait-clip,s42,high,12,3.6666666666666665
dqn,wait-clip,s42,high,13,3.272727272727273
dqn,wait-clip,s42,high,14,4.153846153846154
dqn,wait-clip,s42,high,15,4.384615384615385
dqn,wait-clip,s42,high,16,5.0
dqn,wait-clip,s42,high,17,4.090909090909091
dqn,wait-clip,s42,high,18,3.1818181818181817
dqn,wait-clip,s42,high,19,3.4615384615384617
dqn,wait-clip,s42,high,20,4.769230769230769
dqn,wait-clip,s42,high,21,4.5
dqn,wait-clip,s42,high,22,3.6
dqn,wait-clip,s42,high,23,3.642857142857143
dqn,wait-clip,s42,high,24,3.769230769230769
dqn,wait-clip,s42,high,25,4.153846153846154
dqn,wait-clip,s42,high,26,5.2727272727272725
dqn,wait-clip,s42,high,27,5.666666666666667
dqn,wait-clip,s42,high,28,5.0
dqn,wait-clip,s42,high,29,6.076923076923077
dqn,wait-clip,s42,high,30,4.833333333333333
dqn,wait-clip,s42,high,31,3.8
dqn,wait-clip,s42,high,32,2.7333333333333334
dqn,wait-clip,s42,high,33,3.4
dqn,wait-clip,s42,high,34,3.5833333333333335
dqn,wait-clip,s42,high,35,3.909090909090909
dqn,wait-clip,s42,high,36,4.0
dqn,wait-clip,s42,high,37,3.3125
dqn,wait-clip,s42,high,38,3.9
dqn,wait-clip,s42,high,39,3.8
dqn,wait-clip,s42,high,40,5.4
dqn,wait-clip,s42,high,41,4.933333333333334
dqn,wait-clip,s42,high,42,3.4615384615384617
dqn,wait-clip,s42,high,43,2.8
dqn,wait-clip,s42,high,44,3.909090909090909
dqn,wait-clip,s42,high,45,3.75
dqn,wait-clip,s42,high,46,3.2857142857142856
dqn,wait-clip,s42,high,47,4.3076923076923075
dqn,wait-clip,s42,high,48,4.833333333333333
dqn,wait-clip,s42,high,49,2.4166666666666665
dqn,wait-clip,s42,high,50,6.583333333333333
dqn,wait-clip,s42,high,51,5.25
dqn,wait-clip,s42,high,52,6.3076923076923075
dqn,wait-clip,s42,high,53,5.615384615384615
dqn,wait-clip,s42,high,54,2.1818181818181817
dqn,wait-clip,s42,high,55,1.875
dqn,wait-clip,s42,medium,0,0.8571428571428571
dqn,wait-clip,s42,medium,1,1.6923076923076923
dqn,wait-clip,s42,medium,2,1.3333333333333333
dqn,wait-clip,s42,medium,3,2.6666666666666665
dqn,wait-clip,s42,medium,4,2.25
dqn,wait-clip,s42,medium,5,1.4285714285714286
dqn,wait-clip,s42,medium,6,2.857142857142857
dqn,wait-clip,s42,medium,7,2.923076923076923
dqn,wait-clip,s42,medium,8,2.6153846153846154
dqn,wait-clip,s42,medium,9,2.3333333333333335
dqn,wait-clip,s42,medium,10,3.0625
dqn,wait-clip,s42,medium,11,2.272727272727273
dqn,wait-clip,s42,medium,12,1.4285714285714286
dqn,wait-clip,s42,medium,13,3.5
dqn,wait-clip,s42,medium,14,2.230769230769231
dqn,wait-clip,s42,medium,15,1.5
dqn,wait-clip,s42,medium,16,2.4375
dqn,wait-clip,s42,medium,17,2.7142857142857144
dqn,wait-clip,s42,medium,18,2.857142857142857
dqn,wait-clip,s42,medium,19,2.066666666666667
dqn,wait-clip,s42,medium,20,3.6363636363636362
dqn,wait-clip,s42,medium,21,2.4615384615384617
dqn,wait-clip,s42,medium,22,2.0625
dqn,wait-clip,s42,medium,23,3.3076923076923075
dqn,wait-clip,s42,medium,24,3.25
dqn,wait-clip,s42,medium,25,2.8333333333333335
dqn,wait-clip,s42,medium,26,2.1538461538461537
dqn,wait-clip,s42,medium,27,2.5625
dqn,wait-clip,s42,medium,28,2.6666666666666665
dqn,wait-clip,s42,medium,29,1.9230769230769231
dqn,wait-clip,s42,medium,30,1.8571428571428572
dqn,wait-clip,s42,medium,31,3.6
dqn,wait-clip,s42,medium,32,4.0
dqn,wait-clip,s42,medium,33,1.4545454545454546
dqn,wait-clip,s42,medium,34,2.8125
dqn,wait-clip,s42,medium,35,2.2142857142857144
dqn,wait-clip,s42,medium,36,2.0714285714285716
dqn,wait-clip,s42,medium,37,2.75
dqn,wait-clip,s42,medium,38,2.5
dqn,wait-clip,s42,medium,39,2.4
dqn,wait-clip,s42,medium,40,0.8333333333333334
dqn,wait-clip,s42,medium,41,2.4285714285714284
dqn,wait-clip,s42,medium,42,1.9090909090909092
dqn,wait-clip,s42,medium,43,2.3846153846153846
dqn,wait-clip,s42,medium,44,1.3333333333333333
dqn,wait-clip,s42,medium,45,2.142857142857143
dqn,wait-clip,s42,medium,46,3.4615384615384617
dqn,wait-clip,s42,medium,47,2.6666666666666665
dqn,wait-clip,s42,medium,48,2.230769230769231
dqn,wait-clip,s42,medium,49,2.2857142857142856
dqn,wait-clip,s42,medium,50,2.7
dqn,wait-clip,s42,medium,51,3.4285714285714284
dqn,wait-clip,s42,medium,52,2.5833333333333335
dqn,wait-clip,s42,medium,53,2.1875
dqn,wait-clip,s42,medium,54,2.1538461538461537
dqn,wait-clip,s42,medium,55,2.857142857142857
dqn,wait-clip,s42,low,0,0.7142857142857143
dqn,wait-clip,s42,low,1,1.3571428571428572
dqn,wait-clip,s42,low,2,0.7857142857142857
dqn,wait-clip,s42,low,3,1.0
dqn,wait-clip,s42,low,4,0.625
dqn,wait-clip,s42,low,5,0.9333333333333333
dqn,wait-clip,s42,low,6,0.5384615384615384
dqn,wait-clip,s42,low,7,0.9411764705882353
dqn,wait-clip,s42,low,8,0.8
dqn,wait-clip,s42,low,9,1.5333333333333334
dqn,wait-clip,s42,low,10,0.5882352941176471
dqn,wait-clip,s42,low,11,1.1538461538461537
dqn,wait-clip,s42,low,12,1.0
dqn,wait-clip,s42,low,13,2.0
dqn,wait-clip,s42,low,14,1.1875
dqn,wait-clip,s42,low,15,1.1666666666666667
dqn,wait-clip,s42,low,16,1.2857142857142858
dqn,wait-clip,s42,low,17,0.9333333333333333
dqn,wait-clip,s42,low,18,1.0
dqn,wait-clip,s42,low,19,2.2
dqn,wait-clip,s42,low,20,0.875
dqn,wait-clip,s42,low,21,1.2307692307692308
dqn,wait-clip,s42,low,22,0.7692307692307693
dqn,wait-clip,s42,low,23,1.5714285714285714
dqn,wait-clip,s42,low,24,1.6666666666666667
dqn,wait-clip,s42,low,25,0.9375
dqn,wait-clip,s42,low,26,0.9230769230769231
dqn,wait-clip,s42,low,27,2.1333333333333333
dqn,wait-clip,s42,low,28,2.0
dqn,wait-clip,s42,low,29,1.625
dqn,wait-clip,s42,low,30,1.3125
dqn,wait-clip,s42,low,31,0.7142857142857143
dqn,wait-clip,s42,low,32,1.2307692307692308
dqn,wait-clip,s42,low,33,1.6470588235294117
dqn,wait-clip,s42,low,34,0.9230769230769231
dqn,wait-clip,s42,low,35,0.3333333333333333
dqn,wait-clip,s42,low,36,0.6875
dqn,wait-clip,s42,low,37,0.4666666666666667
dqn,wait-clip,s42,low,38,0.6428571428571429
dqn,wait-clip,s42,low,39,1.125
dqn,wait-clip,s42,low,40,1.0
dqn,wait-clip,s42,low,41,0.26666666666666666
dqn,wait-clip,s42,low,42,0.7857142857142857
dqn,wait-clip,s42,low,43,0.5625
dqn,wait-clip,s42,low,44,0.6666666666666666
dqn,wait-clip,s42,low,45,1.2666666666666666
dqn,wait-clip,s42,low,46,0.8125
dqn,wait-clip,s42,low,47,0.8125
dqn,wait-clip,s42,low,48,1.8333333333333333
dqn,wait-clip,s42,low,49,2.2142857142857144
dqn,wait-clip,s42,low,50,1.4615384615384615
dqn,wait-clip,s42,low,51,1.6
dqn,wait-clip,s42,low,52,1.0714285714285714
dqn,wait-clip,s42,low,53,1.5714285714285714
dqn,wait-clip,s42,low,54,1.75
dqn,wait-clip,s42,low,55,1.2222222222222223
dqn,wait-clip,s777,high,0,1.1538461538461537
dqn,wait-clip,s777,high,1,3.6666666666666665
dqn,wait-clip,s777,high,2,3.7857142857142856
dqn,wait-clip,s777,high,3,3.3846153846153846
dqn,wait-clip,s777,high,4,3.857142857142857
dqn,wait-clip,s777,high,5,2.4545454545454546
dqn,wait-clip,s777,high,6,3.090909090909091
dqn,wait-clip,s777,high,7,4.214285714285714
dqn,wait-clip,s777,high,8,5.0
dqn,wait-clip,s777,high,9,3.0
dqn,wait-clip,s777,high,10,4.615384615384615
dqn,wait-clip,s777,high,11,4.071428571428571
dqn,wait-clip,s777,high,12,3.5
dqn,wait-clip,s777,high,13,3.111111111111111
dqn,wait-clip,s777,high,14,5.076923076923077
dqn,wait-clip,s777,high,15,4.666666666666667
dqn,wait-clip,s777,high,16,5.0
dqn,wait-clip,s777,high,17,4.181818181818182
dqn,wait-clip,s777,high,18,3.6666666666666665
dqn,wait-clip,s777,high,19,4.0
dqn,wait-clip,s777,high,20,5.0
dqn,wait-clip,s777,high,21,5.333333333333333
dqn,wait-clip,s777,high,22,3.6363636363636362
dqn,wait-clip,s777,high,23,3.3846153846153846
dqn,wait-clip,s777,high,24,3.6666666666666665
dqn,wait-clip,s777,high,25,4.071428571428571
dqn,wait-clip,s777,high,26,5.25
dqn,wait-clip,s777,high,27,5.538461538461538
dqn,wait-clip,s777,high,28,4.545454545454546
dqn,wait-clip,s777,high,29,5.75
dqn,wait-clip,s777,high,30,4.916666666666667
dqn,wait-clip,s777,high,31,3.4545454545454546
dqn,wait-clip,s777,high,32,2.7333333333333334
dqn,wait-clip,s777,high,33,3.4166666666666665
dqn,wait-clip,s777,high,34,4.2727272727272725
dqn,wait-clip,s777,high,35,3.090909090909091
dqn,wait-clip,s777,high,36,4.3076923076923075
dqn,wait-clip,s777,high,37,3.3125
dqn,wait-clip,s777,high,38,3.727272727272727
dqn,wait-clip,s777,high,39,3.076923076923077
dqn,wait-clip,s777,high,40,4.928571428571429
dqn,wait-clip,s777,high,41,5.066666666666666
dqn,wait-clip,s777,high,42,3.3333333333333335
dqn,wait-clip,s777,high,43,3.1818181818181817
dqn,wait-clip,s777,high,44,3.923076923076923
dqn,wait-clip,s777,high,45,3.769230769230769
dqn,wait-clip,s777,high,46,4.0
dqn,wait-clip,s777,high,47,5.071428571428571
dqn,wait-clip,s777,high,48,3.9166666666666665
dqn,wait-clip,s777,high,49,3.3333333333333335
dqn,wait-clip,s777,high,50,5.8
dqn,wait-clip,s777,high,51,5.083333333333333
dqn,wait-clip,s777,high,52,5.357142857142857
dqn,wait-clip,s777,high,53,5.071428571428571
dqn,wait-clip,s777,high,54,1.6666666666666667
dqn,wait-clip,s777,high,55,1.875
dqn,wait-clip,s777,medium,0,0.7857142857142857
dqn,wait-clip,s777,medium,1,2.1818181818181817
dqn,wait-clip,s777,medium,2,1.7333333333333334
dqn,wait-clip,s777,medium,3,2.6666666666666665
dqn,wait-clip,s777,medium,4,2.4285714285714284
dqn,wait-clip,s777,medium,5,1.5384615384615385
dqn,wait-clip,s777,medium,6,2.9166666666666665
dqn,wait-clip,s777,medium,7,2.7142857142857144
dqn,wait-clip,s777,medium,8,2.769230769230769
dqn,wait-clip,s777,medium,9,2.3
dqn,wait-clip,s777,medium,10,3.375
dqn,wait-clip,s777,medium,11,1.9090909090909092
dqn,wait-clip,s777,medium,12,1.3571428571428572
dqn,wait-clip,s777,medium,13,3.4375
dqn,wait-clip,s777,medium,14,2.3076923076923075
dqn,wait-clip,s777,medium,15,1.4285714285714286
dqn,wait-clip,s777,medium,16,2.5625
dqn,wait-clip,s777,medium,17,2.642857142857143
dqn,wait-clip,s777,medium,18,2.4285714285714284
dqn,wait-clip,s777,medium,19,2.1333333333333333
dqn,wait-clip,s777,medium,20,3.727272727272727
dqn,wait-clip,s777,medium,21,2.076923076923077
dqn,wait-clip,s777,medium,22,2.0625
dqn,wait-clip,s777,medium,23,3.2
dqn,wait-clip,s777,medium,24,3.375
dqn,wait-clip,s777,medium,25,2.4285714285714284
dqn,wait-clip,s777,medium,26,2.076923076923077
dqn,wait-clip,s777,medium,27,2.6875
dqn,wait-clip,s777,medium,28,2.6666666666666665
dqn,wait-clip,s777,medium,29,1.9285714285714286
dqn,wait-clip,s777,medium,30,2.142857142857143
dqn,wait-clip,s777,medium,31,3.9375
dqn,wait-clip,s777,medium,32,3.2857142857142856
dqn,wait-clip,s777,medium,33,1.7272727272727273
dqn,wait-clip,s777,medium,34,2.9375
dqn,wait-clip,s777,medium,35,2.3636363636363638
dqn,wait-clip,s777,medium,36,2.0625
dqn,wait-clip,s777,medium,37,2.8333333333333335
dqn,wait-clip,s777,medium,38,2.230769230769231
dqn,wait-clip,s777,medium,39,2.25
dqn,wait-clip,s777,medium,40,0.5
dqn,wait-clip,s777,medium,41,2.466666666666667
dqn,wait-clip,s777,medium,42,1.9166666666666667
dqn,wait-clip,s777,medium,43,2.4
dqn,wait-clip,s777,medium,44,1.3636363636363635
dqn,wait-clip,s777,medium,45,2.2666666666666666
dqn,wait-clip,s777,medium,46,3.4615384615384617
dqn,wait-clip,s777,medium,47,2.5
dqn,wait-clip,s777,medium,48,2.3846153846153846
dqn,wait-clip,s777,medium,49,2.3333333333333335
dqn,wait-clip,s777,medium,50,2.9166666666666665
dqn,wait-clip,s777,medium,51,2.7857142857142856
dqn,wait-clip,s777,medium,52,2.6666666666666665
dqn,wait-clip,s777,medium,53,2.1875
dqn,wait-clip,s777,medium,54,2.357142857142857
dqn,wait-clip,s777,medium,55,1.8571428571428572
dqn,wait-clip,s777,low,0,0.7142857142857143
dqn,wait-clip,s777,low,1,1.3571428571428572
dqn,wait-clip,s777,low,2,0.7857142857142857
dqn,wait-clip,s777,low,3,1.0
dqn,wait-clip,s777,low,4,0.625
dqn,wait-clip,s777,low,5,1.0
dqn,wait-clip,s777,low,6,0.38461538461538464
dqn,wait-clip,s777,low,7,0.875
dqn,wait-clip,s777,low,8,0.75
dqn,wait-clip,s777,low,9,1.6
dqn,wait-clip,s777,low,10,0.5882352941176471
dqn,wait-clip,s777,low,11,1.1538461538461537
dqn,wait-clip,s777,low,12,0.9333333333333333
dqn,wait-clip,s777,low,13,1.9411764705882353
dqn,wait-clip,s777,low,14,1.125
dqn,wait-clip,s777,low,15,0.9230769230769231
dqn,wait-clip,s777,low,16,0.9230769230769231
dqn,wait-clip,s777,low,17,0.8666666666666667
dqn,wait-clip,s777,low,18,1.3076923076923077
dqn,wait-clip,s777,low,19,2.1333333333333333
dqn,wait-clip,s777,low,20,0.875
dqn,wait-clip,s777,low,21,1.0909090909090908
dqn,wait-clip,s777,low,22,0.8
dqn,wait-clip,s777,low,23,1.5
dqn,wait-clip,s777,low,24,1.6666666666666667
dqn,wait-clip,s777,low,25,0.9375
dqn,wait-clip,s777,low,26,1.1538461538461537
dqn,wait-clip,s777,low,27,2.0
dqn,wait-clip,s777,low,28,1.9375
dqn,wait-clip,s777,low,29,1.5625
dqn,wait-clip,s777,low,30,1.4375
dqn,wait-clip,s777,low,31,0.7692307692307693
dqn,wait-clip,s777,low,32,1.1666666666666667
dqn,wait-clip,s777,low,33,1.6470588235294117
dqn,wait-clip,s777,low,34,0.9285714285714286
dqn,wait-clip,s777,low,35,0.5833333333333334
dqn,wait-clip,s777,low,36,0.625
dqn,wait-clip,s777,low,37,0.625
dqn,wait-clip,s777,low,38,0.5333333333333333
dqn,wait-clip,s777,low,39,1.2666666666666666
dqn,wait-clip,s777,low,40,1.0
dqn,wait-clip,s777,low,41,0.26666666666666666
dqn,wait-clip,s777,low,42,0.7857142857142857
dqn,wait-clip,s777,low,43,0.5625
dqn,wait-clip,s777,low,44,0.6428571428571429
dqn,wait-clip,s777,low,45,1.2666666666666666
dqn,wait-clip,s777,low,46,0.8125
dqn,wait-clip,s777,low,47,0.9375
dqn,wait-clip,s777,low,48,1.9285714285714286
dqn,wait-clip,s777,low,49,2.142857142857143
dqn,wait-clip,s777,low,50,1.4615384615384615
dqn,wait-clip,s777,low,51,1.5333333333333334
dqn,wait-clip,s777,low,52,1.1428571428571428
dqn,wait-clip,s777,low,53,1.5714285714285714
dqn,wait-clip,s777,low,54,1.75
dqn,wait-clip,s777,low,55,1.2222222222222223
ppo,average-speed,s123,high,0,1.4444444444444444
ppo,average-speed,s123,high,1,2.0
ppo,average-speed,s123,high,2,1.8333333333333333
ppo,average-speed,s123,high,3,1.7222222222222223
ppo,average-speed,s123,high,4,1.8333333333333333
ppo,average-speed,s123,high,5,3.9444444444444446
ppo,average-speed,s123,high,6,2.888888888888889
ppo,average-speed,s123,high,7,3.0555555555555554
ppo,average-speed,s123,high,8,3.5
ppo,average-speed,s123,high,9,2.2777777777777777
ppo,average-speed,s123,high,10,2.2777777777777777
ppo,average-speed,s123,high,11,2.6666666666666665
ppo,average-speed,s123,high,12,3.3333333333333335
ppo,average-speed,s123,high,13,3.4444444444444446
ppo,average-speed,s123,high,14,2.2222222222222223
ppo,average-speed,s123,high,15,1.8888888888888888
ppo,average-speed,s123,high,16,2.611111111111111
ppo,average-speed,s123,high,17,2.5555555555555554
ppo,average-speed,s123,high,18,2.3333333333333335
ppo,average-speed,s123,high,19,3.5555555555555554
ppo,average-speed,s123,high,20,2.4444444444444446
ppo,average-speed,s123,high,21,2.4444444444444446
ppo,average-speed,s123,high,22,2.611111111111111
ppo,average-speed,s123,high,23,4.611111111111111
ppo,average-speed,s123,high,24,2.111111111111111
ppo,average-speed,s123,high,25,2.2777777777777777
ppo,average-speed,s123,high,26,4.0
ppo,average-speed,s123,high,27,3.888888888888889
ppo,average-speed,s123,high,28,1.1666666666666667
ppo,average-speed,s123,high,29,2.7222222222222223
ppo,average-speed,s123,high,30,1.9444444444444444
ppo,average-speed,s123,high,31,2.7222222222222223
ppo,average-speed,s123,high,32,2.0555555555555554
ppo,average-speed,s123,high,33,4.222222222222222
ppo,average-speed,s123,high,34,2.3333333333333335
ppo,average-speed,s123,high,35,3.111111111111111
ppo,average-speed,s123,high,36,2.888888888888889
ppo,average-speed,s123,high,37,2.3333333333333335
ppo,average-speed,s123,high,38,2.611111111111111
ppo,average-speed,s123,high,39,3.5
ppo,average-speed,s123,high,40,2.0
ppo,average-speed,s123,high,41,2.4444444444444446
ppo,average-speed,s123,high,42,3.1666666666666665
ppo,average-speed,s123,high,43,3.2777777777777777
ppo,average-speed,s123,high,44,1.9444444444444444
ppo,average-speed,s123,high,45,2.611111111111111
ppo,average-speed,s123,high,46,3.7222222222222223
ppo,average-speed,s123,high,47,3.611111111111111
ppo,average-speed,s123,high,48,3.1666666666666665
ppo,average-speed,s123,high,49,3.388888888888889
ppo,average-speed,s123,high,50,2.888888888888889
ppo,average-speed,s123,high,51,3.6666666666666665
ppo,average-speed,s123,high,52,3.2222222222222223
ppo,average-speed,s123,high,53,2.7777777777777777
ppo,average-speed,s123,high,54,2.5
ppo,average-speed,s123,high,55,2.9
ppo,average-speed,s123,medium,0,0.8333333333333334
ppo,average-speed,s123,medium,1,1.5555555555555556
ppo,average-speed,s123,medium,2,0.8888888888888888
ppo,average-speed,s123,medium,3,1.6666666666666667
ppo,average-speed,s123,medium,4,0.7222222222222222
ppo,average-speed,s123,medium,5,2.1666666666666665
ppo,average-speed,s123,medium,6,1.6666666666666667
ppo,average-speed,s123,medium,7,1.6666666666666667
ppo,average-speed,s123,medium,8,1.9444444444444444
ppo,average-speed,s123,medium,9,2.2222222222222223
ppo,average-speed,s123,medium,10,1.2222222222222223
ppo,average-speed,s123,medium,11,1.0
ppo,average-speed,s123,medium,12,1.0
ppo,average-speed,s123,medium,13,2.388888888888889
ppo,average-speed,s123,medium,14,1.2777777777777777
ppo,average-speed,s123,medium,15,1.4444444444444444
ppo,average-speed,s123,medium,16,1.3888888888888888
ppo,average-speed,s123,medium,17,1.3888888888888888
ppo,average-speed,s123,medium,18,1.7222222222222223
ppo,average-speed,s123,medium,19,1.3888888888888888
ppo,average-speed,s123,medium,20,2.388888888888889
ppo,average-speed,s123,medium,21,2.2222222222222223
ppo,average-speed,s123,medium,22,0.3333333333333333
ppo,average-speed,s123,medium,23,0.8333333333333334
ppo,average-speed,s123,medium,24,1.7777777777777777
ppo,average-speed,s123,medium,25,2.3333333333333335
ppo,average-speed,s123,medium,26,1.3888888888888888
ppo,average-speed,s123,medium,27,1.5
ppo,average-speed,s123,medium,28,1.5
ppo,average-speed,s123,medium,29,1.1111111111111112
ppo,average-speed,s123,medium,30,0.8888888888888888
ppo,average-speed,s123,medium,31,1.3333333333333333
ppo,average-speed,s123,medium,32,0.9444444444444444
ppo,average-speed,s123,medium,33,2.0555555555555554
ppo,average-speed,s123,medium,34,2.0555555555555554
ppo,average-speed,s123,medium,35,0.8333333333333334
ppo,average-speed,s123,medium,36,0.6111111111111112
ppo,average-speed,s123,medium,37,1.8888888888888888
ppo,average-speed,s123,medium,38,2.111111111111111
ppo,average-speed,s123,medium,39,2.4444444444444446
ppo,average-speed,s123,medium,40,0.8333333333333334
ppo,average-speed,s123,medium,41,2.5555555555555554
ppo,average-speed,s123,medium,42,2.3333333333333335
ppo,average-speed,s123,medium,43,2.8333333333333335
ppo,average-speed,s123,medium,44,1.1666666666666667
ppo,average-speed,s123,medium,45,2.1666666666666665
ppo,average-speed,s123,medium,46,1.0555555555555556
ppo,average-speed,s123,medium,47,1.1111111111111112
ppo,average-speed,s123,medium,48,1.6111111111111112
ppo,average-speed,s123,medium,49,1.0555555555555556
ppo,average-speed,s123,medium,50,1.4444444444444444
ppo,average-speed,s123,medium,51,0.8333333333333334
ppo,average-speed,s123,medium,52,1.1111111111111112
ppo,average-speed,s123,medium,53,2.2777777777777777
ppo,average-speed,s123,medium,54,2.2222222222222223
ppo,average-speed,s123,medium,55,1.4
ppo,average-speed,s123,low,0,0.6111111111111112
ppo,average-speed,s123,low,1,0.7777777777777778
ppo,average-speed,s123,low,2,0.4444444444444444
ppo,average-speed,s123,low,3,0.6666666666666666
ppo,average-speed,s123,low,4,0.5555555555555556
ppo,average-speed,s123,low,5,1.1111111111111112
ppo,average-speed,s123,low,6,0.6111111111111112
ppo,average-speed,s123,low,7,0.5
ppo,average-speed,s123,low,8,0.7222222222222222
ppo,average-speed,s123,low,9,0.8888888888888888
ppo,average-speed,s123,low,10,0.7222222222222222
ppo,average-speed,s123,low,11,1.6666666666666667
ppo,average-speed,s123,low,12,0.4444444444444444
ppo,average-speed,s123,low,13,1.1111111111111112
ppo,average-speed,s123,low,14,0.6666666666666666
ppo,average-speed,s123,low,15,1.0555555555555556
ppo,average-speed,s123,low,16,0.9444444444444444
ppo,average-speed,s123,low,17,1.0555555555555556
ppo,average-speed,s123,low,18,0.8888888888888888
ppo,average-speed,s123,low,19,0.8333333333333334
ppo,average-speed,s123,low,20,0.3888888888888889
ppo,average-speed,s123,low,21,0.8333333333333334
ppo,average-speed,s123,low,22,0.7222222222222222
ppo,average-speed,s123,low,23,1.1666666666666667
ppo,average-speed,s123,low,24,0.7777777777777778
ppo,average-speed,s123,low,25,0.8333333333333334
ppo,average-speed,s123,low,26,0.7222222222222222
ppo,average-speed,s123,low,27,1.1666666666666667
ppo,average-speed,s123,low,28,0.6111111111111112
ppo,average-speed,s123,low,29,1.1111111111111112
ppo,average-speed,s123,low,30,0.7222222222222222
ppo,average-speed,s123,low,31,0.7777777777777778
ppo,average-speed,s123,low,32,0.7222222222222222
ppo,average-speed,s123,low,33,0.5
ppo,average-speed,s123,low,34,0.5
ppo,average-speed,s123,low,35,1.3333333333333333
ppo,average-speed,s123,low,36,0.9444444444444444
ppo,average-speed,s123,low,37,0.5
ppo,average-speed,s123,low,38,0.7777777777777778
ppo,average-speed,s123,low,39,1.2222222222222223
ppo,average-speed,s123,low,40,0.6666666666666666
ppo,average-speed,s123,low,41,0.05555555555555555
ppo,average-speed,s123,low,42,0.9444444444444444
ppo,average-speed,s123,low,43,0.3333333333333333
ppo,average-speed,s123,low,44,0.2777777777777778
ppo,average-speed,s123,low,45,0.6666666666666666
ppo,average-speed,s123,low,46,0.4444444444444444
ppo,average-speed,s123,low,47,0.6666666666666666
ppo,average-speed,s123,low,48,0.7222222222222222
ppo,average-speed,s123,low,49,1.2222222222222223
ppo,average-speed,s123,low,50,0.5
ppo,average-speed,s123,low,51,1.0
ppo,average-speed,s123,low,52,1.1111111111111112
ppo,average-speed,s123,low,53,1.3333333333333333
ppo,average-speed,s123,low,54,1.2222222222222223
ppo,average-speed,s123,low,55,1.1
