timestep,loss,value_loss,entropy_loss,approx_kl,clip_fraction,explained_variance,policy_gradient_loss
200,,,,,,,
400,0.18473920226097107,0.3482744589447975,-3.688876175880432,1.1827797e-07,0.0,-3.26237154006958,-0.00018458566628396512
600,0.2501320540904999,0.4659116204828024,-3.6888745963573455,8.381903e-08,0.0,-1.4174649715423584,-7.791160605847835e-05
800,0.44580960273742676,1.0596775263547897,-3.6888740718364716,4.4936314e-08,0.0,-1.0860400199890137,-6.288278382271528e-05
1000,0.6926901340484619,1.2054911270737647,-3.688873904943466,8.614734e-08,0.0,-1.6902189254760742,-8.257780573330819e-05
1200,0.9121519923210144,1.746999353170395,-3.6888738214969634,6.123446e-08,0.0,-2.336604118347168,-8.002384652172623e-05
1400,0.8841177225112915,1.7109543561935425,-3.6888736367225645,3.8882717e-08,0.0,-3.2357239723205566,-5.39182685315609e-05
1600,0.9396680593490601,1.366254797577858,-3.6888736844062806,1.1292286e-07,0.0,-1.4389500617980957,-0.00010642182896845043
1800,0.8903025984764099,1.9006363570690155,-3.6888736367225645,7.916242e-08,0.0,-2.410691022872925,-8.501050760969519e-05
2000,0.5863198637962341,1.7074264854192733,-3.6888735353946687,9.429641e-08,0.0,-0.7777122259140015,-9.139570756815374e-05
2200,0.7557302713394165,1.6362539023160934,-3.68887345790863,6.100163e-08,0.0,-1.436455249786377,-7.833619602024556e-05
2400,0.5624670386314392,1.172373227775097,-3.6888732314109802,8.96398e-08,0.0,-0.7613276243209839,-9.651932923588901e-05
2600,0.4554513394832611,1.0474216535687446,-3.688873368501663,9.336509e-08,0.0,-0.7119773626327515,-0.00010297901462763548
2800,0.7347093224525452,1.4265675887465477,-3.6888730347156526,1.0384247e-07,0.0,-0.9052140712738037,-0.00010429983958601952
3000,1.0393263101577759,1.6304435938596726,-3.6888730466365813,1.0221265e-07,0.0,-3.8706626892089844,-9.07394802197814e-05
3200,0.7320253849029541,1.4474895626306534,-3.68887312412262,1.2898818e-07,0.0,-0.9629944562911987,-0.0001138909487053752
3400,1.2396560907363892,1.5523688286542892,-3.6888728082180022,1.1618249e-07,0.0,-1.0908417701721191,-9.97931754682213e-05
3600,0.8583566546440125,1.776058131456375,-3.6888725757598877,7.473864e-08,0.0,-2.0709030628204346,-8.345465175807476e-05
3800,0.7653341293334961,1.7810580611228943,-3.6888728022575377,1.17812306e-07,0.0,-2.401547431945801,-9.279830555897206e-05
4000,0.679714560508728,1.6548094108700753,-3.6888728976249694,1.0756776e-07,0.0,-1.1930019855499268,-9.816024685278535e-05
4200,1.0378137826919556,2.063083681464195,-3.68887283205986,8.032657e-08,0.0,-0.585007905960083,-9.302978869527579e-05
4400,1.085066556930542,1.924089539051056,-3.688872444629669,4.1909516e-08,0.0,-3.6101913452148438,-6.75734132528305e-05
4600,0.5684808492660522,1.6618685513734817,-3.6888726234436033,5.8673322e-08,0.0,-2.18146014213562,-7.655341178178788e-05
4800,0.6054784059524536,1.4777508944272995,-3.6888724267482758,8.032657e-08,0.0,-1.0362598896026611,-8.239372400566935e-05
5000,0.7864697575569153,1.6705861955881118,-3.688871854543686,9.2200935e-08,0.0,-1.4807939529418945,-8.781708311289549e-05
5200,0.8640871047973633,1.7614600718021394,-3.6888716399669645,9.406358e-08,0.0,-1.3854200839996338,-0.00010003892239183188
5400,0.21170292794704437,0.5139880076050758,-3.6888747572898866,1.7485581e-07,0.0,-0.9860379695892334,-0.00017418089555576444
5600,0.687373697757721,1.5586862593889237,-3.6888716578483582,1.0128133e-07,0.0,-0.798861026763916,-9.242999367415905e-05
5800,0.547186553478241,1.2631003186106682,-3.6888714909553526,8.405186e-08,0.0,-0.5332021713256836,-8.229002123698592e-05
6000,0.5347027778625488,1.5633793354034424,-3.688871705532074,1.2037344e-07,0.0,-1.013737440109253,-0.00011917436495423317
6200,0.7578898072242737,1.634238837659359,-3.688871884346008,1.299195e-07,0.0,-1.8862721920013428,-9.525088826194406e-05
6400,0.5996206998825073,1.6240577161312104,-3.6888716518878937,1.6437843e-07,0.0,-0.9479433298110962,-9.596701711416245e-05
6600,0.9684133529663086,1.6488172322511674,-3.6888715088367463,1.2782402e-07,0.0,-0.8084605932235718,-0.00012433920055627824
6800,0.7528847455978394,1.628169196844101,-3.6888711988925933,9.476207e-08,0.0,-1.0222039222717285,-9.749941527843475e-05
7000,0.6925727725028992,1.5075042247772217,-3.68887112736702,7.939525e-08,0.0,-2.3928518295288086,-7.993064937181771e-05
7200,0.824836254119873,1.7595938950777055,-3.6888703763484956,1.0174699e-07,0.0,-1.7546136379241943,-9.74658178165555e-05
7400,0.9113144874572754,1.6142096817493439,-3.6888703227043154,8.777715e-08,0.0,-1.280012845993042,-0.0001064948970451951
7600,0.6330342292785645,1.4480293661355972,-3.6888701736927034,1.8416904e-07,0.0,-2.8601744174957275,-0.000136815442238003
7800,0.5115982294082642,1.531078566610813,-3.6888693273067474,1.3643876e-07,0.0,-4.058355331420898,-0.0001190962444525212
8000,0.568972110748291,1.5537087693810463,-3.6888688087463377,9.6159056e-08,0.0,-3.6532773971557617,-0.00010463530197739601
8200,0.8857811093330383,1.8829931378364564,-3.6888685047626497,1.7415732e-07,0.0,-1.6899769306182861,-0.0001258006552234292
8400,0.9683828353881836,1.7047485917806626,-3.688868898153305,1.3364479e-07,0.0,-1.2110841274261475,-0.00010140722733922302
8600,0.858106255531311,1.679609489440918,-3.6888691782951355,7.566996e-08,0.0,-2.1502370834350586,-8.218379225581885e-05
8800,0.3664127588272095,1.5272177800536155,-3.6888694405555724,1.6042031e-07,0.0,-0.9242773056030273,-0.00011521532433107495
9000,1.1448407173156738,1.5224018454551698,-3.6888697266578676,1.6042031e-07,0.0,-3.058198928833008,-0.00011436541099101305
9200,1.0572437047958374,1.731556898355484,-3.6888695538043974,1.2409873e-07,0.0,-2.2172701358795166,-0.00011302935890853406
9400,0.6808614730834961,1.5243611842393876,-3.688869696855545,9.150244e-08,0.0,-1.0447158813476562,-9.461090667173266e-05
9600,0.9010286331176758,1.610519641637802,-3.6888694167137146,1.2945384e-07,0.0,-0.660004734992981,-0.0001070762169547379
9800,0.7625037431716919,1.524842093884945,-3.6888697028160093,8.428469e-08,0.0,-1.1421384811401367,-8.002499816939235e-05
10000,0.5911723971366882,1.391480603814125,-3.68886941075325,8.5216016e-08,0.0,-0.9242734909057617,-8.786105317994952e-05
10200,1.0138943195343018,1.590999150276184,-3.6888694763183594,8.4517524e-08,0.0,-2.771332263946533,-7.540242513641715e-05
10400,0.2468329668045044,0.7859828539192677,-3.688873165845871,1.2526289e-07,0.0,-0.41199207305908203,-0.00014887468423694373
10600,1.12754225730896,1.5171715408563613,-3.6888688683509825,8.568168e-08,0.0,-0.7824827432632446,-0.00010297461412847042
10800,0.5656003952026367,1.5204674839973449,-3.688869076967239,1.3364479e-07,0.0,-1.8708653450012207,-0.00010611205361783504
11000,0.8123130202293396,1.5376180112361908,-3.6888690412044527,1.3411045e-07,0.0,-3.306673526763916,-0.00011859149672091007
11200,0.8152585029602051,1.579914939403534,-3.6888688445091247,6.07688e-08,0.0,-1.041511058807373,-8.4340525791049e-05
11400,1.0520288944244385,1.7404126316308974,-3.688868981599808,1.02911144e-07,0.0,-0.8415349721908569,-9.74937342107296e-05
11600,0.4708247184753418,1.529022751748562,-3.688868743181229,9.313226e-08,0.0,-3.538193702697754,-0.00010375855636084453
11800,0.8023252487182617,1.5241203382611275,-3.6888682305812837,2.3748726e-07,0.0,-1.6696348190307617,-0.00012701625237241388
12000,0.8262618780136108,1.603051021695137,-3.6888683676719665,1.10594556e-07,0.0,-0.8853389024734497,-0.00011028439039364457
12200,0.9192276000976562,1.6075424343347549,-3.6888682425022123,5.844049e-08,0.0,-1.5937016010284424,-8.252894040197133e-05
12400,0.8355528712272644,1.5647500097751617,-3.688867872953415,1.0384247e-07,0.0,-3.575345039367676,-0.00010652346536517143
12600,0.6089965105056763,1.3715450793504715,-3.6888676822185515,1.13854185e-07,0.0,-1.1729700565338135,-0.00010702366635086946
12800,0.7743387222290039,1.6358727008104323,-3.6888667941093445,1.1338852e-07,0.0,-1.414489984512329,-0.00011544264853000641
13000,0.7415724396705627,1.6479379326105117,-3.688866436481476,6.7288056e-08,0.0,-2.0327389240264893,-7.864832878112793e-05
13200,0.6889111399650574,1.316194874048233,-3.6888663828372956,1.5692785e-07,0.0,-0.9260680675506592,-0.00010720278369262815
13400,0.899728536605835,1.530954971909523,-3.6888655364513396,5.4948032e-08,0.0,-3.0141825675964355,-7.45696248486638e-05
13600,0.8315030932426453,1.5020849347114562,-3.6888653516769407,8.381903e-08,0.0,-0.8129473924636841,-9.702348615974188e-05
13800,0.622284471988678,1.3982124656438828,-3.6888655543327333,1.2665987e-07,0.0,-1.4956629276275635,-0.00010633175261318684
14000,0.5206793546676636,1.467303292453289,-3.6888656973838807,1.3085082e-07,0.0,-2.115556240081787,-0.00011124779121018946
14200,0.7694194316864014,1.4316591188311576,-3.6888651847839355,1.1292286e-07,0.0,-1.1353185176849365,-0.00010260383132845163
14400,0.8213005065917969,1.4499581277370452,-3.688864898681641,5.47152e-08,0.0,-2.2845890522003174,-6.966250948607922e-05
14600,0.6260667443275452,1.2888015076518058,-3.6888651907444,9.429641e-08,0.0,-0.6500709056854248,-0.0001045076292939484
14800,0.7916414141654968,1.2710981279611588,-3.6888653218746184,1.2200326e-07,0.0,-0.861782431602478,-0.00011307998793199658
15000,0.9270458221435547,1.6959197491407394,-3.6888644456863404,7.4040145e-08,0.0,-2.3071701526641846,-6.487825885415077e-05
15200,0.4768953025341034,1.4746420621871947,-3.6888641893863676,1.9231811e-07,0.0,-1.1564586162567139,-0.00014497432857751846
15400,0.36394208669662476,0.8651464000344277,-3.688870793581009,1.1920929e-07,0.0,-1.06770920753479,-0.00013334692921489476
15600,0.8470422625541687,1.4975298628211022,-3.6888630092144012,8.335337e-08,0.0,-0.742939829826355,-9.758848464116454e-05
15800,0.4919304847717285,1.0524170249700546,-3.688863056898117,1.4179386e-07,0.0,-0.6213524341583252,-0.0001157641294412315
16000,0.4253658354282379,0.8248487420380115,-3.688863307237625,1.937151e-07,0.0,-4.20626163482666,-0.00012590052210725844
16200,0.6108422875404358,1.2293027266860008,-3.6888628244400024,1.0128133e-07,0.0,-0.799854040145874,-9.809541079448536e-05
16400,0.7346620559692383,1.1391495883464813,-3.688862603902817,1.3457611e-07,0.0,-1.3694515228271484,-0.0001161284395493567
16600,0.5550533533096313,1.4411405101418495,-3.688861685991287,9.2433766e-08,0.0,-1.017430305480957,-9.388576727360487e-05
16800,0.5164985656738281,0.9640362381935119,-3.6888620972633364,2.0908192e-07,0.0,-2.430776834487915,-0.00015624482184648514
17000,0.6524839401245117,1.163784447312355,-3.6888619542121885,1.6880222e-07,0.0,-2.0833094120025635,-0.0001261785626411438
17200,0.7587356567382812,1.236485493183136,-3.6888617515563964,8.8475645e-08,0.0,-1.431931734085083,-9.268971625715494e-05
17400,0.713221549987793,1.0018785268068313,-3.6888624012470244,6.589107e-08,0.0,-1.8948509693145752,-8.085540030151605e-05
17600,0.7624037861824036,1.2563915848731995,-3.6888612508773804,7.194467e-08,0.0,-1.3960883617401123,-8.320868946611881e-05
17800,1.046016812324524,1.4897747308015823,-3.6888607800006867,7.264316e-08,0.0,-2.9841089248657227,-9.448358323425055e-05
18000,0.6492799520492554,1.3050305813550949,-3.688860076665878,7.706694e-08,0.0,-1.4165303707122803,-8.254693821072579e-05
18200,0.6711429953575134,1.2950958535075188,-3.688859909772873,1.4156103e-07,0.0,-2.8531570434570312,-0.00013451353297568857
18400,1.0160311460494995,1.339480672776699,-3.6888592541217804,1.0849908e-07,0.0,-1.633547067642212,-9.866475593298674e-05
18600,0.7671600580215454,1.4465428352355958,-3.6888586044311524,1.0919757e-07,0.0,-2.18593692779541,-9.83110163360834e-05
18800,0.9867941737174988,1.2712938472628594,-3.688858437538147,9.9418685e-08,0.0,-1.1978564262390137,-0.00010855509899556636
19000,0.5976746678352356,1.4095742225646972,-3.68885800242424,6.565824e-08,0.0,-0.8592541217803955,-7.251324132084846e-05
19200,0.6849278211593628,1.4538650065660477,-3.688857990503311,1.10827386e-07,0.0,-4.594743251800537,-0.00011537035461515189
19400,0.6596103310585022,1.282793292403221,-3.6888581693172453,7.497147e-08,0.0,-1.9164941310882568,-7.559710647910833e-05
19600,0.55718994140625,1.4417650997638702,-3.688857728242874,9.5693395e-08,0.0,-0.8248785734176636,-9.148783865384758e-05
19800,0.5817698836326599,1.3858042642474175,-3.688857787847519,9.383075e-08,0.0,-2.735140800476074,-0.00010963958338834345
20000,0.551976203918457,1.1697019830346107,-3.6888583958148957,1.0617077e-07,0.0,-1.311903476715088,-8.210282539948821e-05
