algo,reward,seed,flow,EW Through + Left,EW Right,NS Through + Left,NS Right
webster,-,-,low,0.271,0.119,0.2434,0.1256
webster,-,-,medium,0.4906,0.2424,0.4812,0.281
webster,-,-,high,1.7898,2.5862,1.67,2.6088
fixed,-,-,low,1.222,0.911,1.22,0.859
dqn,wait-clip,s123,high,3.814918228958915,3.178300757877942,3.518149182289589,3.4399680893498203
dqn,wait-clip,s123,low,1.067347590169167,0.6409192467283754,0.9077561442706671,0.6766677306096394
dqn,wait-clip,s123,medium,1.8418079096045197,1.0353107344632768,1.536723163841808,1.2754237288135593
fixed,-,-,medium,2.074,1.408,2.054,1.533
dqn,wait-clip,s42,high,3.711653984781738,3.208650380456548,3.503404084901882,3.3608329995995194
fixed,-,-,high,4.332,3.813,4.18,3.596
dqn,wait-clip,s42,low,1.0177820885871323,0.6582605884254769,0.9104429356611704,0.6880051729712253
dqn,wait-clip,s777,medium,1.8433048433048433,1.0769230769230769,1.6025641025641026,1.3561253561253561
dqn,wait-clip,s777,high,4.0220994475138125,3.2865035516969217,3.4064719810576163,3.355958958168903
dqn,wait-clip,s42,medium,1.8463726884779517,1.031294452347084,1.5519203413940257,1.3157894736842106
dqn,wait-clip,s777,low,1.0360907058447781,0.6528265729798787,0.9287767486426062,0.6809326093899712
ppo,average-speed,s123,low,1.221,0.728,0.387,0.116
ppo,average-speed,s123,high,4.692,5.536,1.559,1.064
ppo,average-speed,s42,low,0.524,0.332,0.522,0.342
ppo,average-speed,s42,medium,0.922,0.553,0.93,0.632
ppo,average-speed,s123,medium,1.962,1.327,0.628,0.389
ppo,average-speed,s42,high,2.224,2.346,2.344,2.244
ppo,average-speed,s777,high,2.612,2.11,2.506,1.969
ppo,average-speed,s777,medium,0.959,0.522,0.949,0.589
ppo,average-speed,s777,low,0.529,0.251,0.517,0.318
ppo,diff-waiting-time,s123,low,0.311,0.115,0.838,0.5
ppo,diff-waiting-time,s123,medium,0.507,0.309,1.508,1.082
ppo,diff-waiting-time,s42,medium,0.538,0.272,1.578,1.092
ppo,diff-waiting-time,s42,high,1.384,1.047,4.006,7.274
ppo,diff-waiting-time,s42,low,0.321,0.141,0.963,0.502
ppo,diff-waiting-time,s777,low,0.726,0.479,0.4,0.207
ppo,diff-waiting-time,s777,medium,1.25,0.793,0.657,0.335
ppo,diff-waiting-time,s123,high,8.447,23.886,12.649,39.028
ppo,diff-waiting-time,s777,high,3.661,5.684,1.613,1.226
ppo,pressure,s123,medium,0.943,0.505,0.949,0.554
ppo,pressure,s123,low,0.484,0.256,0.588,0.283
ppo,pressure,s123,high,2.476,2.129,2.412,2.291
ppo,pressure,s42,medium,0.9,0.554,0.976,0.624
ppo,pressure,s42,low,0.519,0.313,0.584,0.329
ppo,pressure,s42,high,2.144,2.393,2.401,2.598
ppo,pressure,s777,high,2.919,2.419,2.894,2.24
ppo,pressure,s777,low,0.779,0.47,0.857,0.562
ppo,pressure,s777,medium,1.306,0.831,1.435,0.888
ppo,queue-AE-16d,s123,medium,1.758,1.107,0.471,0.293
ppo,queue-AE-16d,s123,low,0.999,0.603,0.27,0.118
ppo,queue-AE-16d,s42,medium,0.783,0.462,1.169,0.795
ppo,queue-AE-16d,s42,low,0.449,0.247,0.666,0.377
ppo,queue-AE-16d,s42,high,2.151,1.83,3.45,4.527
ppo,queue-AE-16d,s777,high,3.143,2.81,2.031,1.407
ppo,queue-AE-16d,s777,low,0.736,0.416,0.468,0.249
ppo,queue-AE-16d,s777,medium,1.171,0.77,0.801,0.444
ppo,queue-AE-16d,s123,high,43.732,56.441,37.963,46.187
ppo,queue-AE-19d,s123,low,0.809,0.483,0.517,0.287
ppo,queue-AE-19d,s123,medium,1.322,0.828,0.889,0.461
ppo,queue-AE-19d,s123,high,3.222,2.851,1.967,1.512
ppo,queue-AE-19d,s42,low,0.567,0.336,0.55,0.313
ppo,queue-AE-19d,s42,medium,0.918,0.512,0.909,0.6
ppo,queue-AE-19d,s42,high,2.148,2.377,2.269,2.285
ppo,queue-AE-19d,s777,low,1.175,0.777,0.258,0.103
ppo,queue-AE-19d,s777,medium,2.202,1.442,0.433,0.185
ppo,queue-AE-32d,s123,low,0.489,0.284,0.648,0.318
ppo,queue-AE-32d,s123,medium,0.863,0.506,1.064,0.717
ppo,queue-AE-32d,s123,high,2.158,1.781,2.891,2.522
ppo,queue-AE-32d,s42,low,1.478,0.915,0.177,0.076
ppo,queue-AE-32d,s42,medium,2.626,2.147,0.299,0.125
ppo,queue-AE-32d,s777,low,0.537,0.316,0.562,0.301
ppo,queue-AE-32d,s777,medium,0.931,0.549,0.947,0.62
ppo,queue-AE-32d,s777,high,2.151,2.39,2.233,2.289
ppo,queue-AE-4d,s123,medium,0.574,0.326,1.367,0.981
ppo,queue-AE-4d,s123,high,1.652,1.787,4.809,17.019
ppo,queue-AE-4d,s123,low,0.315,0.17,0.74,0.461
ppo,queue-AE-19d,s777,high,89.402,89.863,83.377,77.654
ppo,queue-AE-4d,s42,medium,0.314,0.109,2.591,2.133
ppo,queue-AE-4d,s42,low,0.197,0.072,1.443,0.974
ppo,queue-AE-4d,s777,medium,0.312,0.107,2.398,2.012
ppo,queue-AE-4d,s777,low,0.19,0.059,1.353,0.893
ppo,queue-AE-32d,s42,high,112.448,99.057,98.108,97.305
ppo,queue-AE-8d,s123,medium,0.313,0.153,2.161,1.661
ppo,queue-AE-8d,s123,low,0.22,0.071,1.224,0.746
ppo,queue-AE-8d,s42,medium,0.45,0.2,1.965,1.463
ppo,queue-AE-8d,s42,low,0.253,0.081,1.102,0.766
ppo,queue-AE-8d,s777,high,2.849,3.085,2.244,1.933
ppo,queue-AE-8d,s777,low,0.572,0.322,0.463,0.295
ppo,queue-AE-8d,s777,medium,1.018,0.568,0.907,0.53
ppo,queue-AE-4d,s42,high,102.616,95.152,122.655,118.824
ppo,queue-AE-4d,s777,high,90.024,83.685,98.492,92.479
ppo,queue-AE-8d,s123,high,84.93,79.484,90.594,87.957
ppo,queue-AE-8d,s42,high,65.071,65.696,70.927,76.507
ppo,queue,s123,low,0.54,0.327,0.589,0.348
ppo,queue,s123,medium,0.879,0.534,1.029,0.682
ppo,queue,s123,high,2.168,2.327,2.463,2.656
ppo,queue,s42,high,3.356,2.897,3.453,2.845
ppo,queue,s42,medium,1.721,1.147,1.766,1.193
ppo,queue,s42,low,1.006,0.711,1.077,0.687
ppo,queue,s777,low,0.567,0.324,0.533,0.254
ppo,queue,s777,medium,0.998,0.519,0.941,0.602
ppo,queue,s777,high,2.789,2.509,2.23,1.931
