algo,reward,obs_mode,seed,flow,step,total_queue,mean_speed
ppo,queue,raw,s42,paper,0,0,0.0
ppo,queue,raw,s42,paper,1,4,6.278030778921519
ppo,queue,raw,s42,paper,2,1,12.40829892641792
ppo,queue,raw,s42,paper,3,2,9.477026044077427
ppo,queue,raw,s42,paper,4,8,6.191779067887413
ppo,queue,raw,s42,paper,5,8,6.295890847749455
ppo,queue,raw,s42,paper,6,9,6.084973994739043
ppo,queue,raw,s42,paper,7,13,5.1354147807105806
ppo,queue,raw,s42,paper,8,12,6.10934247609144
ppo,queue,raw,s42,paper,9,12,5.083800762263602
ppo,queue,raw,s42,paper,10,13,5.983997294129626
ppo,queue,raw,s42,paper,11,13,6.299294486067787
ppo,queue,raw,s42,paper,12,15,3.592599470318413
ppo,queue,raw,s42,paper,13,20,2.3063698523475678
ppo,queue,raw,s42,paper,14,21,3.389741453349694
ppo,queue,raw,s42,paper,15,19,2.7839945431943205
ppo,queue,raw,s42,paper,16,17,4.354419666282702
ppo,queue,raw,s42,paper,17,18,6.376189903504482
ppo,queue,raw,s42,paper,18,22,4.422195440428237
ppo,queue,raw,s42,paper,19,22,3.780811728082836
ppo,queue,raw,s42,paper,20,25,2.00545938337497
ppo,queue,raw,s42,paper,21,27,2.5964903003535853
ppo,queue,raw,s42,paper,22,30,2.3806884833879627
ppo,queue,raw,s42,paper,23,31,1.8927588647605957
ppo,queue,raw,s42,paper,24,36,1.3545780703654473
ppo,queue,raw,s42,paper,25,38,1.328958160639145
ppo,queue,raw,s42,paper,26,38,0.9690684671348422
ppo,queue,raw,s42,paper,27,42,0.8447451443309418
ppo,queue,raw,s42,paper,28,45,1.1649373844201967
ppo,queue,raw,s42,paper,29,35,3.1290088739679165
ppo,queue,raw,s42,paper,30,35,4.850480048927466
ppo,queue,raw,s42,paper,31,26,6.6318864923900325
ppo,queue,raw,s42,paper,32,26,5.4713062166791815
ppo,queue,raw,s42,paper,33,27,5.21211552744123
ppo,queue,raw,s42,paper,34,27,4.763588020249506
ppo,queue,raw,s42,paper,35,29,3.1742999457606182
ppo,queue,raw,s42,paper,36,28,3.5774720318061193
ppo,queue,raw,s42,paper,37,30,4.318754510936467
ppo,queue,raw,s42,paper,38,30,3.9979300914838127
ppo,queue,raw,s42,paper,39,31,2.6597059927702587
ppo,queue,raw,s42,paper,40,36,1.3699058632406569
ppo,queue,raw,s42,paper,41,37,1.4915701044065672
ppo,queue,raw,s42,paper,42,38,2.1110327535006013
ppo,queue,raw,s42,paper,43,40,0.8759827654670893
ppo,queue,raw,s42,paper,44,33,2.618537190892363
ppo,queue,raw,s42,paper,45,26,5.395178132452776
ppo,queue,raw,s42,paper,46,28,5.33203022322192
ppo,queue,raw,s42,paper,47,31,3.881613452291348
ppo,queue,raw,s42,paper,48,30,3.4112707883580478
ppo,queue,raw,s42,paper,49,29,1.9372670610893625
ppo,queue,raw,s42,paper,50,34,1.4109877717166959
ppo,queue,raw,s42,paper,51,36,1.4434907378770465
ppo,queue,raw,s42,paper,52,37,1.723901898670163
ppo,queue,raw,s42,paper,53,40,1.2226976388311144
ppo,queue,raw,s42,paper,54,44,0.7366356221930417
ppo,queue,raw,s42,paper,55,46,0.6981265568086326
ppo,queue,raw,s42,paper,56,50,0.4581089916288927
ppo,queue,raw,s42,paper,57,40,2.2244644248912495
ppo,queue,raw,s42,paper,58,32,4.234526383085819
ppo,queue,raw,s42,paper,59,30,5.7408023274319335
ppo,queue,raw,s42,paper,60,21,6.949139518687567
ppo,queue,raw,s42,paper,61,18,6.219863183174603
ppo,queue,raw,s42,paper,62,25,5.603351871805867
ppo,queue,raw,s42,paper,63,26,4.038974612858202
ppo,queue,raw,s42,paper,64,22,4.508935100031317
ppo,queue,raw,s42,paper,65,26,4.496720798810798
ppo,queue,raw,s42,paper,66,30,3.588068253356171
ppo,queue,raw,s42,paper,67,32,1.6188590595205044
ppo,queue,raw,s42,paper,68,35,1.492654476212361
ppo,queue,raw,s42,paper,69,35,1.5980921829008432
ppo,queue,raw,s42,paper,70,37,2.0398789917438678
ppo,queue,raw,s42,paper,71,40,0.859952620467992
ppo,queue,raw,s42,paper,72,33,2.6221179560610794
ppo,queue,raw,s42,paper,73,29,4.4012350861275245
ppo,queue,raw,s42,paper,74,33,4.47233857912635
ppo,queue,raw,s42,paper,75,31,3.533472549817924
ppo,queue,raw,s42,paper,76,37,1.9908933073323427
ppo,queue,raw,s42,paper,77,35,2.0708640626025416
ppo,queue,raw,s42,paper,78,38,1.6622487006086406
ppo,queue,raw,s42,paper,79,41,1.3387397235953442
ppo,queue,raw,s42,paper,80,43,0.5166674596076838
ppo,queue,raw,s42,paper,81,45,0.7864281950961263
ppo,queue,raw,s42,paper,82,48,0.5803714279647659
ppo,queue,raw,s42,paper,83,51,0.40938576875081506
ppo,queue,raw,s42,paper,84,54,0.7692995172987701
ppo,queue,raw,s42,paper,85,47,1.566276396432815
ppo,queue,raw,s42,paper,86,39,3.5734281412912927
ppo,queue,raw,s42,paper,87,30,4.902417748188119
ppo,queue,raw,s42,paper,88,29,5.580553179617919
ppo,queue,raw,s42,paper,89,22,7.0839879294554375
ppo,queue,raw,s42,paper,90,20,5.825128481084044
ppo,queue,raw,s42,paper,91,26,3.330415357026507
ppo,queue,raw,s42,paper,92,22,4.301876361286138
ppo,queue,raw,s42,paper,93,25,4.241344024347597
ppo,queue,raw,s42,paper,94,29,3.893247440088094
ppo,queue,raw,s42,paper,95,36,2.5200296684312153
ppo,queue,raw,s42,paper,96,36,2.3676481659554676
ppo,queue,raw,s42,paper,97,40,1.7297735905335583
ppo,queue,raw,s42,paper,98,42,1.9853000611901712
ppo,queue,raw,s42,paper,99,45,1.5400507124174196
ppo,queue,raw,s42,paper,100,41,1.9815720569972486
ppo,queue,raw,s42,paper,101,39,3.4861799950936576
ppo,queue,raw,s42,paper,102,40,3.73415972235188
ppo,queue,raw,s42,paper,103,43,2.72535375665288
ppo,queue,raw,s42,paper,104,44,1.3361826102424788
ppo,queue,raw,s42,paper,105,43,0.8983690756408915
ppo,queue,raw,s42,paper,106,46,0.8346997305508953
ppo,queue,raw,s42,paper,107,48,0.7471510853188373
ppo,queue,raw,s42,paper,108,48,0.5944923861762093
ppo,queue,raw,s42,paper,109,48,0.35621031054829516
ppo,queue,raw,s42,paper,110,49,0.5553626248050363
ppo,queue,raw,s42,paper,111,50,0.689542666346558
ppo,queue,raw,s42,paper,112,52,0.5983010089547992
ppo,queue,raw,s42,paper,113,47,1.2620308664870359
ppo,queue,raw,s42,paper,114,39,2.8906184788270903
ppo,queue,raw,s42,paper,115,31,4.302999236846749
ppo,queue,raw,s42,paper,116,26,5.6342900404534735
ppo,queue,raw,s42,paper,117,24,5.799527789818736
ppo,queue,raw,s42,paper,118,17,7.628274725062423
ppo,queue,raw,s42,paper,119,17,5.218281343796212
ppo,queue,raw,s42,paper,120,21,3.8601536846668334
ppo,queue,raw,s42,paper,121,24,4.3118753964411916
ppo,queue,raw,s42,paper,122,29,3.369176840042071
ppo,queue,raw,s42,paper,123,33,2.245291523520329
ppo,queue,raw,s42,paper,124,38,2.058888224591323
ppo,queue,raw,s42,paper,125,40,1.8821555425682075
ppo,queue,raw,s42,paper,126,45,1.5920676862557255
ppo,queue,raw,s42,paper,127,47,1.8629809695378095
ppo,queue,raw,s42,paper,128,46,2.094474553387675
ppo,queue,raw,s42,paper,129,39,3.156690533310317
ppo,queue,raw,s42,paper,130,40,4.625373870537798
ppo,queue,raw,s42,paper,131,44,3.570900114873664
ppo,queue,raw,s42,paper,132,45,1.8750876221993809
ppo,queue,raw,s42,paper,133,46,1.3857524822842024
ppo,queue,raw,s42,paper,134,48,0.8217304406297955
ppo,queue,raw,s42,paper,135,49,1.0207504037998583
ppo,queue,raw,s42,paper,136,49,0.8139905258636807
ppo,queue,raw,s42,paper,137,49,0.5428226748339513
ppo,queue,raw,s42,paper,138,51,0.551207114088606
ppo,queue,raw,s42,paper,139,53,0.5972251266183335
ppo,queue,raw,s42,paper,140,54,0.7753268516296897
ppo,queue,raw,s42,paper,141,52,0.7496686916785531
ppo,queue,raw,s42,paper,142,44,2.4741875181807456
ppo,queue,raw,s42,paper,143,35,4.327518300628206
ppo,queue,raw,s42,paper,144,28,5.329572727677588
ppo,queue,raw,s42,paper,145,25,5.683932753057543
ppo,queue,raw,s42,paper,146,23,6.022772730580423
ppo,queue,raw,s42,paper,147,18,6.493171368382295
ppo,queue,raw,s42,paper,148,20,4.242989513381492
ppo,queue,raw,s42,paper,149,29,3.5980391550770907
ppo,queue,raw,s42,paper,150,31,3.497108233775105
ppo,queue,raw,s42,paper,151,37,2.0588579258153272
ppo,queue,raw,s42,paper,152,40,1.8720097945604663
ppo,queue,raw,s42,paper,153,45,1.6073572249606252
ppo,queue,raw,s42,paper,154,47,1.34785187601091
ppo,queue,raw,s42,paper,155,50,1.4313150588356425
ppo,queue,raw,s42,paper,156,48,1.471418561159015
ppo,queue,raw,s42,paper,157,44,2.806516828355977
ppo,queue,raw,s42,paper,158,43,4.008528196979
ppo,queue,raw,s42,paper,159,45,3.8710542169111157
ppo,queue,raw,s42,paper,160,46,2.9314267511652345
ppo,queue,raw,s42,paper,161,47,1.3374563141202929
ppo,queue,raw,s42,paper,162,46,1.3458542002769607
ppo,queue,raw,s42,paper,163,47,1.078531014982401
ppo,queue,raw,s42,paper,164,49,0.6288825837817706
ppo,queue,raw,s42,paper,165,51,0.3345362862159589
ppo,queue,raw,s42,paper,166,52,0.47648667166384473
ppo,queue,raw,s42,paper,167,52,0.376301054201856
ppo,queue,raw,s42,paper,168,53,0.4602486853340599
ppo,queue,raw,s42,paper,169,52,0.6658507174652042
ppo,queue,raw,s42,paper,170,45,2.2018207406465753
ppo,queue,raw,s42,paper,171,34,4.496834486590428
ppo,queue,raw,s42,paper,172,29,5.202612714205244
ppo,queue,raw,s42,paper,173,27,5.374807562352899
ppo,queue,raw,s42,paper,174,22,5.824547510882481
ppo,queue,raw,s42,paper,175,20,5.536840797094495
ppo,queue,raw,s42,paper,176,18,5.7767703287000325
ppo,queue,raw,s42,paper,177,21,4.319435047838265
ppo,queue,raw,s42,paper,178,31,3.6464180496752516
ppo,queue,raw,s42,paper,179,33,3.075500648887328
ppo,queue,raw,s42,paper,180,39,1.6144831128698989
ppo,queue,raw,s42,paper,181,40,1.8007428348757697
ppo,queue,raw,s42,paper,182,43,1.5396177870788625
ppo,queue,raw,s42,paper,183,46,1.6550611369165455
ppo,queue,raw,s42,paper,184,49,1.4013412405365897
ppo,queue,raw,s42,paper,185,43,2.57073685977348
ppo,queue,raw,s42,paper,186,38,4.1666873420002455
ppo,queue,raw,s42,paper,187,41,4.1419314753716865
ppo,queue,raw,s42,paper,188,42,3.1580607532813776
ppo,queue,raw,s42,paper,189,45,1.954796715485023
ppo,queue,raw,s42,paper,190,44,1.5923128421470403
ppo,queue,raw,s42,paper,191,43,1.655578333030343
ppo,queue,raw,s42,paper,192,46,0.9578904409913582
ppo,queue,raw,s42,paper,193,47,0.46852485818237083
ppo,queue,raw,s42,paper,194,48,0.5363783368060471
ppo,queue,raw,s42,paper,195,51,0.15286987219191928
ppo,queue,raw,s42,paper,196,50,0.7170952822584178
ppo,queue,raw,s42,paper,197,50,0.6152352039233046
ppo,queue,raw,s42,paper,198,44,1.8873715059571339
ppo,queue,raw,s42,paper,199,35,4.2861896373762765
ppo,queue,raw,s42,paper,200,29,4.905577045375339
ppo,queue,raw,s42,paper,201,27,4.510602497143292
ppo,queue,raw,s42,paper,202,23,5.380070883457139
ppo,queue,raw,s42,paper,203,20,4.289919513095503
ppo,queue,raw,s42,paper,204,23,4.0175949944748695
ppo,queue,raw,s42,paper,205,21,5.80606067681702
ppo,queue,raw,s42,paper,206,27,3.838062745518114
ppo,queue,raw,s42,paper,207,36,2.2042572881836993
ppo,queue,raw,s42,paper,208,41,2.0854033968686294
ppo,queue,raw,s42,paper,209,46,1.378058901945174
ppo,queue,raw,s42,paper,210,48,1.5898972357658792
ppo,queue,raw,s42,paper,211,51,1.5453579929368122
ppo,queue,raw,s42,paper,212,53,0.9525706225632089
ppo,queue,raw,s42,paper,213,48,2.265954679137496
ppo,queue,raw,s42,paper,214,42,3.6845627957073006
ppo,queue,raw,s42,paper,215,42,4.474687240345019
ppo,queue,raw,s42,paper,216,45,3.5879583088101215
ppo,queue,raw,s42,paper,217,45,2.00132337196167
ppo,queue,raw,s42,paper,218,43,1.7213942049752533
ppo,queue,raw,s42,paper,219,44,1.691673779237593
ppo,queue,raw,s42,paper,220,47,0.8833533036909627
ppo,queue,raw,s42,paper,221,48,0.706748278352309
ppo,queue,raw,s42,paper,222,50,0.6339161035122087
ppo,queue,raw,s42,paper,223,53,0.4776960095603756
ppo,queue,raw,s42,paper,224,51,0.8125441946367395
ppo,queue,raw,s42,paper,225,53,0.5218339103588585
ppo,queue,raw,s42,paper,226,47,1.1898303334518157
ppo,queue,raw,s42,paper,227,38,3.550973102055066
ppo,queue,raw,s42,paper,228,29,5.1533442765864335
ppo,queue,raw,s42,paper,229,26,5.605966415471342
ppo,queue,raw,s42,paper,230,23,5.692966877362072
ppo,queue,raw,s42,paper,231,18,5.90526734095044
ppo,queue,raw,s42,paper,232,19,5.077202486889135
ppo,queue,raw,s42,paper,233,21,5.3494539920672235
ppo,queue,raw,s42,paper,234,23,5.361991585576426
ppo,queue,raw,s42,paper,235,33,3.239909783091482
ppo,queue,raw,s42,paper,236,39,1.8159957269924398
ppo,queue,raw,s42,paper,237,43,1.5330214141373109
ppo,queue,raw,s42,paper,238,44,1.5116601678941994
ppo,queue,raw,s42,paper,239,47,1.376200676092007
ppo,queue,raw,s42,paper,240,49,1.136433888039092
ppo,queue,raw,s42,paper,241,45,1.9723679250027069
ppo,queue,raw,s42,paper,242,39,3.898743945205362
ppo,queue,raw,s42,paper,243,41,4.3353308553833365
ppo,queue,raw,s42,paper,244,41,3.1515130529118287
ppo,queue,raw,s42,paper,245,43,1.7635881984922241
ppo,queue,raw,s42,paper,246,40,1.3013022710444253
ppo,queue,raw,s42,paper,247,42,1.1815913690204767
ppo,queue,raw,s42,paper,248,44,0.9022455567229082
ppo,queue,raw,s42,paper,249,44,0.38040103983125956
ppo,queue,raw,s42,paper,250,45,0.8562858263933973
ppo,queue,raw,s42,paper,251,46,0.3644495084485506
ppo,queue,raw,s42,paper,252,48,0.1838796714995991
ppo,queue,raw,s42,paper,253,48,0.3228210040734261
ppo,queue,raw,s42,paper,254,42,1.0350788434315008
ppo,queue,raw,s42,paper,255,34,2.9390453928541014
ppo,queue,raw,s42,paper,256,28,5.232713040499105
ppo,queue,raw,s42,paper,257,24,5.618769952116788
ppo,queue,raw,s42,paper,258,19,5.912173856221159
ppo,queue,raw,s42,paper,259,16,5.9055753071538915
ppo,queue,raw,s42,paper,260,14,5.305332250685095
ppo,queue,raw,s42,paper,261,15,5.152557632059075
ppo,queue,raw,s42,paper,262,18,5.119109358965878
ppo,queue,raw,s42,paper,263,20,5.858609390145134
ppo,queue,raw,s42,paper,264,29,2.7046603914248872
ppo,queue,raw,s42,paper,265,35,1.9806492423953075
ppo,queue,raw,s42,paper,266,39,1.7562668165801936
ppo,queue,raw,s42,paper,267,42,1.9613854976861107
ppo,queue,raw,s42,paper,268,47,1.4518638414561396
ppo,queue,raw,s42,paper,269,45,1.1239826020950567
ppo,queue,raw,s42,paper,270,40,3.2017078619532855
ppo,queue,raw,s42,paper,271,38,4.701594171752721
ppo,queue,raw,s42,paper,272,42,3.3354712435148453
ppo,queue,raw,s42,paper,273,45,2.125137231287329
ppo,queue,raw,s42,paper,274,44,1.2030113685373405
ppo,queue,raw,s42,paper,275,43,1.2919294051277417
ppo,queue,raw,s42,paper,276,45,0.9991645250696822
ppo,queue,raw,s42,paper,277,48,0.29333692471830913
ppo,queue,raw,s42,paper,278,49,0.5839030811162833
ppo,queue,raw,s42,paper,279,48,0.6477826101479007
ppo,queue,raw,s42,paper,280,50,0.6857763680023579
ppo,queue,raw,s42,paper,281,51,0.45935433502885714
ppo,queue,raw,s42,paper,282,51,0.6103282315212119
ppo,queue,raw,s42,paper,283,41,2.564484414339664
ppo,queue,raw,s42,paper,284,32,4.84520346387122
ppo,queue,raw,s42,paper,285,28,5.338161894201796
ppo,queue,raw,s42,paper,286,24,5.784477719375452
ppo,queue,raw,s42,paper,287,20,5.355286201126699
ppo,queue,raw,s42,paper,288,18,5.059994586474139
ppo,queue,raw,s42,paper,289,17,4.655535093600915
ppo,queue,raw,s42,paper,290,21,4.649573387921966
ppo,queue,raw,s42,paper,291,28,4.884943024297327
ppo,queue,raw,s42,paper,292,31,4.39625918120018
ppo,queue,raw,s42,paper,293,38,2.397783879303727
ppo,queue,raw,s42,paper,294,43,1.843579743591674
ppo,queue,raw,s42,paper,295,46,2.0373857995881846
ppo,queue,raw,s42,paper,296,49,1.3507226798709577
ppo,queue,raw,s42,paper,297,51,1.0912558298272261
ppo,queue,raw,s42,paper,298,44,2.871377407444739
ppo,queue,raw,s42,paper,299,40,4.373024691621904
ppo,queue,raw,s42,paper,300,43,4.189680602706998
ppo,queue,raw,s42,paper,301,44,2.6400779179807277
ppo,queue,raw,s42,paper,302,46,1.3996761135499798
ppo,queue,raw,s42,paper,303,47,0.9175529508006176
ppo,queue,raw,s42,paper,304,46,1.4902705930719622
ppo,queue,raw,s42,paper,305,47,0.5147163581844694
ppo,queue,raw,s42,paper,306,47,0.7987616467412161
ppo,queue,raw,s42,paper,307,39,2.19850728538859
ppo,queue,raw,s42,paper,308,30,4.763238508867803
ppo,queue,raw,s42,paper,309,24,5.380774561125793
ppo,queue,raw,s42,paper,310,21,6.090282665925255
ppo,queue,raw,s42,paper,311,17,6.442678428222216
ppo,queue,raw,s42,paper,312,14,6.623559978272352
ppo,queue,raw,s42,paper,313,14,4.616630200739943
ppo,queue,raw,s42,paper,314,19,4.069183910736925
ppo,queue,raw,s42,paper,315,22,4.080222461939432
ppo,queue,raw,s42,paper,316,27,2.4157185990094256
ppo,queue,raw,s42,paper,317,30,1.9714130552987918
ppo,queue,raw,s42,paper,318,35,2.426596160141141
ppo,queue,raw,s42,paper,319,36,2.2505737747491215
ppo,queue,raw,s42,paper,320,44,2.5426548623245555
ppo,queue,raw,s42,paper,321,43,2.9352227051358843
ppo,queue,raw,s42,paper,322,41,2.7709877473311093
ppo,queue,raw,s42,paper,323,42,3.6514375247937743
ppo,queue,raw,s42,paper,324,44,3.6537826081938176
ppo,queue,raw,s42,paper,325,46,2.2716543600715116
ppo,queue,raw,s42,paper,326,47,1.4770241838046652
ppo,queue,raw,s42,paper,327,48,1.0446942052416655
ppo,queue,raw,s42,paper,328,49,1.1966022168029573
ppo,queue,raw,s42,paper,329,50,0.669131372204249
ppo,queue,raw,s42,paper,330,53,0.48752009776831
ppo,queue,raw,s42,paper,331,44,2.1813276907502566
ppo,queue,raw,s42,paper,332,35,4.344736968566285
ppo,queue,raw,s42,paper,333,27,5.352663569640963
ppo,queue,raw,s42,paper,334,26,5.627351443989005
ppo,queue,raw,s42,paper,335,21,6.220541035849618
ppo,queue,raw,s42,paper,336,17,6.166968174228472
ppo,queue,raw,s42,paper,337,20,3.8385648589912953
ppo,queue,raw,s42,paper,338,17,5.417121481167471
ppo,queue,raw,s42,paper,339,22,4.868994232781732
ppo,queue,raw,s42,paper,340,28,3.4776873061076223
ppo,queue,raw,s42,paper,341,32,2.8034747835140683
ppo,queue,raw,s42,paper,342,35,2.3166105271425383
ppo,queue,raw,s42,paper,343,38,2.0894779133883103
ppo,queue,raw,s42,paper,344,41,1.751986814494176
ppo,queue,raw,s42,paper,345,46,1.549348817186015
ppo,queue,raw,s42,paper,346,39,2.467539956736222
ppo,queue,raw,s42,paper,347,39,4.018010619393704
ppo,queue,raw,s42,paper,348,42,3.7246585981188507
ppo,queue,raw,s42,paper,349,46,3.0121666926906725
ppo,queue,raw,s42,paper,350,46,2.4789169565197726
ppo,queue,raw,s42,paper,351,49,0.7946077818677073
ppo,queue,raw,s42,paper,352,54,0.49050924672669566
ppo,queue,raw,s42,paper,353,53,0.7859537409309821
ppo,queue,raw,s42,paper,354,54,0.5458971258946845
ppo,queue,raw,s42,paper,355,46,1.6577491627824144
ppo,queue,raw,s42,paper,356,39,3.2471960974547716
ppo,queue,raw,s42,paper,357,29,4.8463820814672705
ppo,queue,raw,s42,paper,358,24,5.893036461759751
ppo,queue,raw,s42,paper,359,18,6.7634645149209645
ppo,queue,raw,s42,paper,360,16,6.795174482720493
ppo,queue,raw,s42,paper,361,17,5.092745803641011
ppo,queue,raw,s42,paper,362,15,4.703020272242501
ppo,queue,raw,s42,paper,363,20,4.378751914164642
ppo,queue,raw,s42,paper,364,25,3.587934248571453
ppo,queue,raw,s42,paper,365,28,2.543266680466052
ppo,queue,raw,s42,paper,366,34,2.096192418254588
ppo,queue,raw,s42,paper,367,35,1.9400850618518504
ppo,queue,raw,s42,paper,368,38,2.1423462669754723
ppo,queue,raw,s42,paper,369,42,1.179916876852751
ppo,queue,raw,s42,paper,370,39,1.985909672016894
ppo,queue,raw,s42,paper,371,35,4.1398805636898
ppo,queue,raw,s42,paper,372,40,3.1512273315052073
ppo,queue,raw,s42,paper,373,42,1.5560292822807296
ppo,queue,raw,s42,paper,374,43,0.8950484549157112
ppo,queue,raw,s42,paper,375,44,1.052683918032564
ppo,queue,raw,s42,paper,376,44,0.8425794102726621
ppo,queue,raw,s42,paper,377,46,0.5733006981999639
ppo,queue,raw,s42,paper,378,51,0.9812983489841989
ppo,queue,raw,s42,paper,379,42,2.762861589340703
ppo,queue,raw,s42,paper,380,35,3.6762492286171677
ppo,queue,raw,s42,paper,381,34,4.7130801495985
ppo,queue,raw,s42,paper,382,29,5.025173048769653
ppo,queue,raw,s42,paper,383,24,4.902432717203792
ppo,queue,raw,s42,paper,384,21,4.811378959642797
ppo,queue,raw,s42,paper,385,22,3.981400785572778
ppo,queue,raw,s42,paper,386,17,5.065395167413835
ppo,queue,raw,s42,paper,387,22,4.406512411359384
ppo,queue,raw,s42,paper,388,28,3.889647616274222
ppo,queue,raw,s42,paper,389,31,2.676275312360148
ppo,queue,raw,s42,paper,390,36,1.4777511789228788
ppo,queue,raw,s42,paper,391,38,1.4735074425038277
ppo,queue,raw,s42,paper,392,41,1.4464604492196482
ppo,queue,raw,s42,paper,393,45,1.5197667463528657
ppo,queue,raw,s42,paper,394,43,1.992467014005659
ppo,queue,raw,s42,paper,395,40,3.131366863756672
ppo,queue,raw,s42,paper,396,43,3.328024572966654
ppo,queue,raw,s42,paper,397,45,2.267515275650794
ppo,queue,raw,s42,paper,398,46,1.5365142555327678
ppo,queue,raw,s42,paper,399,46,0.4594068017192562
ppo,queue,raw,s42,paper,400,45,0.9364582190962891
ppo,queue,raw,s42,paper,401,46,1.3686607657537995
ppo,queue,raw,s42,paper,402,48,0.6528487539467978
ppo,queue,raw,s42,paper,403,44,1.0420373945169905
ppo,queue,raw,s42,paper,404,37,2.7494644737489637
ppo,queue,raw,s42,paper,405,30,4.789453480210404
ppo,queue,raw,s42,paper,406,25,5.617085328747691
ppo,queue,raw,s42,paper,407,23,5.8081319589675555
ppo,queue,raw,s42,paper,408,16,7.1746590405375
ppo,queue,raw,s42,paper,409,15,5.364682696819566
ppo,queue,raw,s42,paper,410,19,3.924068637405023
ppo,queue,raw,s42,paper,411,24,4.240423071961769
ppo,queue,raw,s42,paper,412,27,3.488309026693227
ppo,queue,raw,s42,paper,413,32,2.16326327025401
ppo,queue,raw,s42,paper,414,36,2.1952888006703555
ppo,queue,raw,s42,paper,415,38,1.894048026926509
ppo,queue,raw,s42,paper,416,43,1.7934243412937032
ppo,queue,raw,s42,paper,417,45,2.1384210292193755
ppo,queue,raw,s42,paper,418,45,1.90045794082847
ppo,queue,raw,s42,paper,419,39,2.8886270694810907
ppo,queue,raw,s42,paper,420,40,3.9792339250826423
ppo,queue,raw,s42,paper,421,44,3.3350841034229712
ppo,queue,raw,s42,paper,422,44,2.4780662448160804
ppo,queue,raw,s42,paper,423,46,0.7219681846339673
ppo,queue,raw,s42,paper,424,48,0.8196716286420265
ppo,queue,raw,s42,paper,425,49,0.9898495431282814
ppo,queue,raw,s42,paper,426,49,0.8211332573741875
ppo,queue,raw,s42,paper,427,48,0.6611633969350565
ppo,queue,raw,s42,paper,428,39,2.549322421844499
ppo,queue,raw,s42,paper,429,31,4.8961145030592705
ppo,queue,raw,s42,paper,430,26,5.4990170010209685
ppo,queue,raw,s42,paper,431,22,5.77253618959701
ppo,queue,raw,s42,paper,432,19,5.968731104503943
ppo,queue,raw,s42,paper,433,15,6.275674014099679
ppo,queue,raw,s42,paper,434,15,4.754577360944757
ppo,queue,raw,s42,paper,435,16,4.50372261578571
ppo,queue,raw,s42,paper,436,23,4.7534010086964305
ppo,queue,raw,s42,paper,437,24,4.559991254288257
ppo,queue,raw,s42,paper,438,33,2.6757107045460273
ppo,queue,raw,s42,paper,439,39,1.7260378698976069
ppo,queue,raw,s42,paper,440,42,1.926617786855846
ppo,queue,raw,s42,paper,441,44,1.6207756472695756
ppo,queue,raw,s42,paper,442,47,1.584401911524601
ppo,queue,raw,s42,paper,443,41,2.6761376126072602
ppo,queue,raw,s42,paper,444,39,4.262140261629793
ppo,queue,raw,s42,paper,445,42,3.6913101935547474
ppo,queue,raw,s42,paper,446,44,2.323566234469663
ppo,queue,raw,s42,paper,447,45,0.8416754448519067
ppo,queue,raw,s42,paper,448,46,0.9587792050585419
ppo,queue,raw,s42,paper,449,46,1.450127863653035
ppo,queue,raw,s42,paper,450,46,0.5519721144468178
ppo,queue,raw,s42,paper,451,49,0.5914513863462207
ppo,queue,raw,s42,paper,452,40,2.0511202437751384
ppo,queue,raw,s42,paper,453,31,3.98293822858509
ppo,queue,raw,s42,paper,454,27,5.411768176662504
ppo,queue,raw,s42,paper,455,23,5.224169550911606
ppo,queue,raw,s42,paper,456,20,5.2615619674418594
ppo,queue,raw,s42,paper,457,15,5.386473901631417
ppo,queue,raw,s42,paper,458,16,4.48733632641822
ppo,queue,raw,s42,paper,459,16,4.69168373203548
ppo,queue,raw,s42,paper,460,23,3.9200243011234686
ppo,queue,raw,s42,paper,461,25,3.8649069804681986
ppo,queue,raw,s42,paper,462,31,2.6817556853026403
ppo,queue,raw,s42,paper,463,37,2.0276616839458343
ppo,queue,raw,s42,paper,464,39,1.5675082446332904
ppo,queue,raw,s42,paper,465,43,1.9848005195267748
ppo,queue,raw,s42,paper,466,45,2.6920824869901243
ppo,queue,raw,s42,paper,467,41,2.834688609808365
ppo,queue,raw,s42,paper,468,43,3.677352713105786
ppo,queue,raw,s42,paper,469,44,3.406519027262625
ppo,queue,raw,s42,paper,470,44,2.5109171630863467
ppo,queue,raw,s42,paper,471,44,1.5494513281243354
ppo,queue,raw,s42,paper,472,43,0.9430195781964332
ppo,queue,raw,s42,paper,473,45,1.1999673825117412
ppo,queue,raw,s42,paper,474,45,1.3407733464848988
ppo,queue,raw,s42,paper,475,47,0.44705168670810636
ppo,queue,raw,s42,paper,476,40,1.702490414001043
ppo,queue,raw,s42,paper,477,32,3.967421021221193
ppo,queue,raw,s42,paper,478,27,5.61331918471868
ppo,queue,raw,s42,paper,479,25,5.166372313760467
ppo,queue,raw,s42,paper,480,20,5.339193222542245
ppo,queue,raw,s42,paper,481,16,5.942948904678732
ppo,queue,raw,s42,paper,482,19,4.122704784683453
ppo,queue,raw,s42,paper,483,17,4.420625286961254
ppo,queue,raw,s42,paper,484,23,3.882371480290965
ppo,queue,raw,s42,paper,485,29,2.5787899931293876
ppo,queue,raw,s42,paper,486,32,2.551405787730717
ppo,queue,raw,s42,paper,487,34,2.410711991221483
ppo,queue,raw,s42,paper,488,40,1.7385511373353866
ppo,queue,raw,s42,paper,489,41,1.7908550706417279
ppo,queue,raw,s42,paper,490,44,1.5133030765075002
ppo,queue,raw,s42,paper,491,40,2.2450480949286358
ppo,queue,raw,s42,paper,492,36,3.856480774165669
ppo,queue,raw,s42,paper,493,39,3.7695790760979087
ppo,queue,raw,s42,paper,494,43,3.373684608615222
ppo,queue,raw,s42,paper,495,40,3.858424792619732
ppo,queue,raw,s42,paper,496,43,1.3844272831445292
ppo,queue,raw,s42,paper,497,48,0.9630935117795766
ppo,queue,raw,s42,paper,498,49,1.246579387501983
ppo,queue,raw,s42,paper,499,50,0.4342577322496855
ppo,queue,raw,s42,paper,500,46,1.1029308063095358
ppo,queue,raw,s42,paper,501,36,3.5535748398144302
ppo,queue,raw,s42,paper,502,31,4.875789331389903
ppo,queue,raw,s42,paper,503,27,5.013701813016899
ppo,queue,raw,s42,paper,504,23,5.492020226815442
ppo,queue,raw,s42,paper,505,20,4.908866695405056
ppo,queue,raw,s42,paper,506,20,4.439049954978762
ppo,queue,raw,s42,paper,507,19,4.209941764705622
ppo,queue,raw,s42,paper,508,23,4.2299318101335945
ppo,queue,raw,s42,paper,509,27,3.9881972187176813
ppo,queue,raw,s42,paper,510,33,1.828756749259114
ppo,queue,raw,s42,paper,511,36,2.696062754113584
ppo,queue,raw,s42,paper,512,41,1.8029541295002898
ppo,queue,raw,s42,paper,513,45,1.6941874850908412
ppo,queue,raw,s42,paper,514,46,1.9310848211038443
ppo,queue,raw,s42,paper,515,44,1.486496590947099
ppo,queue,raw,s42,paper,516,40,3.200688834897163
ppo,queue,raw,s42,paper,517,40,4.538010831738205
ppo,queue,raw,s42,paper,518,40,3.610463918668806
ppo,queue,raw,s42,paper,519,43,2.3357087701186736
ppo,queue,raw,s42,paper,520,45,0.9970688222296666
ppo,queue,raw,s42,paper,521,45,0.6030688429168302
ppo,queue,raw,s42,paper,522,47,0.8149472781142874
ppo,queue,raw,s42,paper,523,51,1.5501053735124033
ppo,queue,raw,s42,paper,524,46,2.2539179888951177
ppo,queue,raw,s42,paper,525,39,2.8500902214029664
ppo,queue,raw,s42,paper,526,36,4.288021358931718
ppo,queue,raw,s42,paper,527,32,5.12106389061559
ppo,queue,raw,s42,paper,528,27,5.176822949925465
ppo,queue,raw,s42,paper,529,23,4.958549963643353
ppo,queue,raw,s42,paper,530,20,4.460111338626899
ppo,queue,raw,s42,paper,531,20,3.518394746199272
ppo,queue,raw,s42,paper,532,22,4.451023489143863
ppo,queue,raw,s42,paper,533,26,3.330360049560568
ppo,queue,raw,s42,paper,534,31,1.944348586123267
ppo,queue,raw,s42,paper,535,37,2.28034660346717
ppo,queue,raw,s42,paper,536,37,2.0615576272771823
ppo,queue,raw,s42,paper,537,43,1.356728264745598
ppo,queue,raw,s42,paper,538,44,1.2042586578577212
ppo,queue,raw,s42,paper,539,46,0.9481320960953775
ppo,queue,raw,s42,paper,540,36,3.279598701097161
ppo,queue,raw,s42,paper,541,40,3.8846738142944934
ppo,queue,raw,s42,paper,542,41,2.985932506192048
ppo,queue,raw,s42,paper,543,43,1.7159470912560038
ppo,queue,raw,s42,paper,544,43,0.2939590238270221
ppo,queue,raw,s42,paper,545,43,0.8327177651241453
ppo,queue,raw,s42,paper,546,43,1.1823876576786472
ppo,queue,raw,s42,paper,547,44,0.7776375746465591
ppo,queue,raw,s42,paper,548,42,1.1122203611418198
ppo,queue,raw,s42,paper,549,34,2.6829562748461435
ppo,queue,raw,s42,paper,550,30,4.385693604243142
ppo,queue,raw,s42,paper,551,28,4.244969505383578
ppo,queue,raw,s42,paper,552,22,5.545615801232991
ppo,queue,raw,s42,paper,553,17,7.041422190695522
ppo,queue,raw,s42,paper,554,15,5.714444430021862
ppo,queue,raw,s42,paper,555,20,4.1048254028990385
ppo,queue,raw,s42,paper,556,21,4.315380475043946
ppo,queue,raw,s42,paper,557,26,3.841703587696433
ppo,queue,raw,s42,paper,558,31,2.8004167997195695
ppo,queue,raw,s42,paper,559,36,1.5845606186448011
ppo,queue,raw,s42,paper,560,41,1.6741474850101052
ppo,queue,raw,s42,paper,561,40,2.255674311007517
ppo,queue,raw,s42,paper,562,45,1.2058416428892222
ppo,queue,raw,s42,paper,563,48,1.1155159079070327
ppo,queue,raw,s42,paper,564,40,2.8415301442255365
ppo,queue,raw,s42,paper,565,41,4.324989401970192
ppo,queue,raw,s42,paper,566,43,3.7509178811068113
ppo,queue,raw,s42,paper,567,45,1.8492378955943702
ppo,queue,raw,s42,paper,568,46,1.2119354328895215
ppo,queue,raw,s42,paper,569,43,1.7588161941843856
ppo,queue,raw,s42,paper,570,45,1.2839455979388836
ppo,queue,raw,s42,paper,571,46,0.8012789027492185
ppo,queue,raw,s42,paper,572,49,0.29249844079106446
ppo,queue,raw,s42,paper,573,49,0.3712141636744554
ppo,queue,raw,s42,paper,574,50,0.6208165213565582
ppo,queue,raw,s42,paper,575,51,0.5243097521815443
ppo,queue,raw,s42,paper,576,53,0.6395966906626455
ppo,queue,raw,s42,paper,577,43,1.7855690438268883
ppo,queue,raw,s42,paper,578,36,4.118641074031235
ppo,queue,raw,s42,paper,579,30,5.71862481571098
ppo,queue,raw,s42,paper,580,27,5.201506616622881
ppo,queue,raw,s42,paper,581,27,5.276714624601204
ppo,queue,raw,s42,paper,582,19,6.81338015922893
ppo,queue,raw,s42,paper,583,23,4.241143829677547
ppo,queue,raw,s42,paper,584,25,3.7423639265541695
ppo,queue,raw,s42,paper,585,29,3.8091059639215534
ppo,queue,raw,s42,paper,586,33,2.8567008634161852
ppo,queue,raw,s42,paper,587,39,1.8734918307011068
ppo,queue,raw,s42,paper,588,40,2.1826214290312307
ppo,queue,raw,s42,paper,589,44,1.3638972371494573
ppo,queue,raw,s42,paper,590,46,1.8614304065008926
ppo,queue,raw,s42,paper,591,51,1.6222514166307254
ppo,queue,raw,s42,paper,592,46,2.0638367199501215
ppo,queue,raw,s42,paper,593,41,3.543079761762057
ppo,queue,raw,s42,paper,594,43,3.948826111033733
ppo,queue,raw,s42,paper,595,45,3.1392708523329254
ppo,queue,raw,s42,paper,596,46,1.3540495806449464
ppo,queue,raw,s42,paper,597,46,0.9554665179232048
ppo,queue,raw,s42,paper,598,47,1.3197384943009527
ppo,queue,raw,s42,paper,599,47,1.0474331571270394
ppo,queue,raw,s42,paper,600,50,0.4612038718218303
ppo,queue,raw,s42,paper,601,43,1.8286562913615763
ppo,queue,raw,s42,paper,602,34,4.150926219062919
ppo,queue,raw,s42,paper,603,27,5.005928784297201
ppo,queue,raw,s42,paper,604,25,5.281906774523566
ppo,queue,raw,s42,paper,605,20,6.276867157394534
ppo,queue,raw,s42,paper,606,16,6.224605184584514
ppo,queue,raw,s42,paper,607,17,4.4211883549325
ppo,queue,raw,s42,paper,608,15,5.5184677985543065
ppo,queue,raw,s42,paper,609,20,4.850769389530601
ppo,queue,raw,s42,paper,610,28,4.007529825600003
ppo,queue,raw,s42,paper,611,31,4.152778987182206
ppo,queue,raw,s42,paper,612,36,2.5140481894380065
ppo,queue,raw,s42,paper,613,44,1.9115558318399621
ppo,queue,raw,s42,paper,614,44,1.9866881501542915
ppo,queue,raw,s42,paper,615,49,1.3377659480239146
ppo,queue,raw,s42,paper,616,44,2.1153645414898294
ppo,queue,raw,s42,paper,617,42,3.410519444170984
ppo,queue,raw,s42,paper,618,44,4.144494277131811
ppo,queue,raw,s42,paper,619,47,2.5657648494828393
ppo,queue,raw,s42,paper,620,49,1.3927869968636186
ppo,queue,raw,s42,paper,621,47,1.2544586759591037
ppo,queue,raw,s42,paper,622,47,1.488534538457451
ppo,queue,raw,s42,paper,623,49,1.1394079852988965
ppo,queue,raw,s42,paper,624,54,0.11796327407666256
ppo,queue,raw,s42,paper,625,47,1.4010037329144929
ppo,queue,raw,s42,paper,626,39,3.086758526347242
ppo,queue,raw,s42,paper,627,31,4.739394860912304
ppo,queue,raw,s42,paper,628,24,6.313733306166684
ppo,queue,raw,s42,paper,629,20,6.529829070044794
ppo,queue,raw,s42,paper,630,17,6.747683590023995
ppo,queue,raw,s42,paper,631,14,5.740639008979178
ppo,queue,raw,s42,paper,632,15,4.983521670730558
ppo,queue,raw,s42,paper,633,18,4.741171194374709
ppo,queue,raw,s42,paper,634,25,3.9707134757993012
ppo,queue,raw,s42,paper,635,29,2.529559535042244
ppo,queue,raw,s42,paper,636,35,1.8631311088140843
ppo,queue,raw,s42,paper,637,36,1.8183075877419121
ppo,queue,raw,s42,paper,638,40,1.750497446678139
ppo,queue,raw,s42,paper,639,46,1.873290826484534
ppo,queue,raw,s42,paper,640,43,2.7616857682468345
ppo,queue,raw,s42,paper,641,42,3.3499231698826653
ppo,queue,raw,s42,paper,642,48,3.4167052122177406
ppo,queue,raw,s42,paper,643,47,2.6886381610189116
ppo,queue,raw,s42,paper,644,48,1.9896896904516594
ppo,queue,raw,s42,paper,645,49,0.7514146734854228
ppo,queue,raw,s42,paper,646,50,0.6467851392953958
ppo,queue,raw,s42,paper,647,50,0.9511942672729284
ppo,queue,raw,s42,paper,648,52,0.4518034567520784
ppo,queue,raw,s42,paper,649,47,0.8193865532832627
ppo,queue,raw,s42,paper,650,38,3.0136071707258054
ppo,queue,raw,s42,paper,651,31,4.664949202047005
ppo,queue,raw,s42,paper,652,25,5.625976258323803
ppo,queue,raw,s42,paper,653,21,6.037399981223758
ppo,queue,raw,s42,paper,654,17,6.160788079957221
ppo,queue,raw,s42,paper,655,14,5.534841259006613
ppo,queue,raw,s42,paper,656,14,4.520142251769709
ppo,queue,raw,s42,paper,657,18,5.019278748730842
ppo,queue,raw,s42,paper,658,20,4.519065223989586
ppo,queue,raw,s42,paper,659,26,2.7823727019457407
ppo,queue,raw,s42,paper,660,29,1.9874140025713778
ppo,queue,raw,s42,paper,661,33,2.1106732638662
ppo,queue,raw,s42,paper,662,34,1.9871432754852918
ppo,queue,raw,s42,paper,663,39,1.7720418026721456
ppo,queue,raw,s42,paper,664,38,2.111803590724935
ppo,queue,raw,s42,paper,665,35,3.3993234091411333
ppo,queue,raw,s42,paper,666,39,3.6442468401336674
ppo,queue,raw,s42,paper,667,41,2.1920620087017553
ppo,queue,raw,s42,paper,668,45,1.750481554730005
ppo,queue,raw,s42,paper,669,42,2.9048863213793545
ppo,queue,raw,s42,paper,670,44,1.3312405746340585
ppo,queue,raw,s42,paper,671,50,0.7406087799860654
ppo,queue,raw,s42,paper,672,50,1.0310793863327001
ppo,queue,raw,s42,paper,673,49,0.5801750764179537
ppo,queue,raw,s42,paper,674,40,2.240225464901007
ppo,queue,raw,s42,paper,675,33,4.547500427398356
ppo,queue,raw,s42,paper,676,26,5.65087706974845
ppo,queue,raw,s42,paper,677,22,5.386567754964208
ppo,queue,raw,s42,paper,678,19,5.689973519883978
ppo,queue,raw,s42,paper,679,15,5.408316264057614
ppo,queue,raw,s42,paper,680,16,3.886140230869594
ppo,queue,raw,s42,paper,681,18,4.778252066284681
ppo,queue,raw,s42,paper,682,22,4.206531514809288
ppo,queue,raw,s42,paper,683,27,2.459659203940603
ppo,queue,raw,s42,paper,684,31,3.041472430595879
ppo,queue,raw,s42,paper,685,33,1.9804006141191897
ppo,queue,raw,s42,paper,686,39,1.885201709892025
ppo,queue,raw,s42,paper,687,41,1.5539287864085174
ppo,queue,raw,s42,paper,688,43,1.2814797434853658
ppo,queue,raw,s42,paper,689,36,2.733815524264622
ppo,queue,raw,s42,paper,690,38,3.79640266290819
ppo,queue,raw,s42,paper,691,41,3.217124917667316
ppo,queue,raw,s42,paper,692,43,1.9875873735247453
ppo,queue,raw,s42,paper,693,43,1.3169085744677032
ppo,queue,raw,s42,paper,694,43,0.7347783763518477
ppo,queue,raw,s42,paper,695,46,0.1759872523049475
ppo,queue,raw,s42,paper,696,46,0.39892635186807096
ppo,queue,raw,s42,paper,697,49,1.2751358039854095
ppo,queue,raw,s42,paper,698,37,3.5740111765817715
ppo,queue,raw,s42,paper,699,31,4.225697064917156
ppo,queue,raw,s42,paper,700,30,5.01609283217213
ppo,queue,raw,s42,paper,701,26,5.419863153057591
ppo,queue,raw,s42,paper,702,21,5.281290996545264
ppo,queue,raw,s42,paper,703,18,5.152816670553484
ppo,queue,raw,s42,paper,704,17,4.6398620570424
ppo,queue,raw,s42,paper,705,19,4.779291943463922
ppo,queue,raw,s42,paper,706,23,4.061248326173018
ppo,queue,raw,s42,paper,707,30,3.4881520826156
ppo,queue,raw,s42,paper,708,32,2.7378638939450357
ppo,queue,raw,s42,paper,709,37,2.0829310634529556
ppo,queue,raw,s42,paper,710,39,1.412506990816405
ppo,queue,raw,s42,paper,711,44,1.6448783739779844
ppo,queue,raw,s42,paper,712,45,1.979327559798797
ppo,queue,raw,s42,paper,713,40,2.1364893639368896
ppo,queue,raw,s42,paper,714,42,3.5942294244096273
ppo,queue,raw,s42,paper,715,44,3.3340287554136654
ppo,queue,raw,s42,paper,716,46,2.2173048249487195
ppo,queue,raw,s42,paper,717,45,1.6952454072826189
ppo,queue,raw,s42,paper,718,44,1.4750786903073643
ppo,queue,raw,s42,paper,719,46,1.4221104616072302
ppo,queue,raw,s42,paper,720,47,1.069070476664677
ppo,queue,raw,s42,paper,721,49,0.708353950707931
ppo,queue,raw,s42,paper,722,43,1.4822627015318564
ppo,queue,raw,s42,paper,723,34,3.651084555516761
ppo,queue,raw,s42,paper,724,27,5.411054145997956
ppo,queue,raw,s42,paper,725,24,5.637454325331373
ppo,queue,raw,s42,paper,726,21,6.032746411227356
ppo,queue,raw,s42,paper,727,15,7.130203607393133
ppo,queue,raw,s42,paper,728,18,4.59526774422308
ppo,queue,raw,s42,paper,729,19,4.22843207376789
ppo,queue,raw,s42,paper,730,24,4.071364619500135
ppo,queue,raw,s42,paper,731,29,3.3412715726930786
ppo,queue,raw,s42,paper,732,34,1.979745944273954
ppo,queue,raw,s42,paper,733,39,2.0045124145928677
ppo,queue,raw,s42,paper,734,41,1.6881598485630633
ppo,queue,raw,s42,paper,735,44,1.5483703364545351
ppo,queue,raw,s42,paper,736,46,1.7187533153204697
ppo,queue,raw,s42,paper,737,42,2.114724662922447
ppo,queue,raw,s42,paper,738,39,3.4719504148669085
ppo,queue,raw,s42,paper,739,43,3.904737653504698
ppo,queue,raw,s42,paper,740,43,2.863731696799808
ppo,queue,raw,s42,paper,741,45,1.8673927105910868
ppo,queue,raw,s42,paper,742,44,1.4320730415498453
ppo,queue,raw,s42,paper,743,45,1.0033386179461663
ppo,queue,raw,s42,paper,744,47,1.1114563809755913
ppo,queue,raw,s42,paper,745,49,0.5028485368129856
ppo,queue,raw,s42,paper,746,44,1.1095908511923072
ppo,queue,raw,s42,paper,747,34,3.1722583851115447
ppo,queue,raw,s42,paper,748,27,5.614453579247138
ppo,queue,raw,s42,paper,749,22,5.9510573301131
ppo,queue,raw,s42,paper,750,20,5.5023108126841604
ppo,queue,raw,s42,paper,751,15,6.23165650208611
ppo,queue,raw,s42,paper,752,13,5.127251311226393
ppo,queue,raw,s42,paper,753,16,4.5093190156610365
ppo,queue,raw,s42,paper,754,18,4.534840276857528
ppo,queue,raw,s42,paper,755,26,4.31242516407874
ppo,queue,raw,s42,paper,756,28,4.458216207395023
ppo,queue,raw,s42,paper,757,34,2.4254640493057744
ppo,queue,raw,s42,paper,758,40,1.8220744179611101
ppo,queue,raw,s42,paper,759,43,1.3795715887390916
ppo,queue,raw,s42,paper,760,46,1.0541357807389544
ppo,queue,raw,s42,paper,761,44,1.8410143773075691
ppo,queue,raw,s42,paper,762,40,3.05805270415318
ppo,queue,raw,s42,paper,763,42,4.216202264359335
ppo,queue,raw,s42,paper,764,43,3.0687146050295406
ppo,queue,raw,s42,paper,765,45,1.82740496306478
ppo,queue,raw,s42,paper,766,46,1.0754372390948537
ppo,queue,raw,s42,paper,767,44,1.5596595556920132
ppo,queue,raw,s42,paper,768,46,1.2953760931761247
ppo,queue,raw,s42,paper,769,49,0.2696753348021488
ppo,queue,raw,s42,paper,770,45,0.8566506883435858
ppo,queue,raw,s42,paper,771,35,3.577855450983924
ppo,queue,raw,s42,paper,772,31,5.008847153388392
ppo,queue,raw,s42,paper,773,26,4.9717455103732
ppo,queue,raw,s42,paper,774,23,5.33769171806405
ppo,queue,raw,s42,paper,775,21,5.064081638298499
ppo,queue,raw,s42,paper,776,15,4.846870126667796
ppo,queue,raw,s42,paper,777,15,4.435598401672677
ppo,queue,raw,s42,paper,778,22,4.097093615178002
ppo,queue,raw,s42,paper,779,24,3.8100341542151663
ppo,queue,raw,s42,paper,780,28,3.282749537915497
ppo,queue,raw,s42,paper,781,33,2.399895903333542
ppo,queue,raw,s42,paper,782,35,2.1056954374232215
ppo,queue,raw,s42,paper,783,39,1.3245172480014085
ppo,queue,raw,s42,paper,784,45,2.0374197559225125
ppo,queue,raw,s42,paper,785,41,2.960686414094605
ppo,queue,raw,s42,paper,786,39,3.1021192576708922
ppo,queue,raw,s42,paper,787,39,4.180669980929733
ppo,queue,raw,s42,paper,788,42,4.09415188928974
ppo,queue,raw,s42,paper,789,43,2.957893271338716
ppo,queue,raw,s42,paper,790,44,1.5246095411425802
ppo,queue,raw,s42,paper,791,42,1.6872563983196702
ppo,queue,raw,s42,paper,792,43,1.155499667504526
ppo,queue,raw,s42,paper,793,45,0.8171468866169065
ppo,queue,raw,s42,paper,794,44,1.3138714622786456
ppo,queue,raw,s42,paper,795,36,2.660584232586342
ppo,queue,raw,s42,paper,796,29,4.663240513012346
ppo,queue,raw,s42,paper,797,25,5.189821061752929
ppo,queue,raw,s42,paper,798,21,5.475128709106253
ppo,queue,raw,s42,paper,799,17,6.080851635694036
ppo,queue,raw,s42,paper,800,14,5.239451533772243
ppo,queue,raw,s42,paper,801,14,4.9913330885192515
ppo,queue,raw,s42,paper,802,19,5.21750871041038
ppo,queue,raw,s42,paper,803,24,3.8919326675606882
ppo,queue,raw,s42,paper,804,27,3.117200586623961
ppo,queue,raw,s42,paper,805,31,2.6410257561993737
ppo,queue,raw,s42,paper,806,36,1.7864503448707147
ppo,queue,raw,s42,paper,807,38,2.072963014089724
ppo,queue,raw,s42,paper,808,41,2.103782025399296
ppo,queue,raw,s42,paper,809,43,1.3030820770466747
ppo,queue,raw,s42,paper,810,39,2.497692737005982
ppo,queue,raw,s42,paper,811,38,4.106561605168217
ppo,queue,raw,s42,paper,812,40,3.6400427474766452
ppo,queue,raw,s42,paper,813,45,2.863212854433227
ppo,queue,raw,s42,paper,814,43,2.520650135348853
ppo,queue,raw,s42,paper,815,47,1.0194335850473895
ppo,queue,raw,s42,paper,816,52,0.5322710625844819
ppo,queue,raw,s42,paper,817,53,0.6750306855830058
ppo,queue,raw,s42,paper,818,53,0.43534887164475966
ppo,queue,raw,s42,paper,819,42,2.033755470786792
ppo,queue,raw,s42,paper,820,34,3.6672421304364544
ppo,queue,raw,s42,paper,821,29,5.248268139662275
ppo,queue,raw,s42,paper,822,24,5.182324883848847
ppo,queue,raw,s42,paper,823,20,5.241109568226295
ppo,queue,raw,s42,paper,824,16,5.6861627766656655
ppo,queue,raw,s42,paper,825,17,4.15026274302153
ppo,queue,raw,s42,paper,826,16,5.183789598105234
ppo,queue,raw,s42,paper,827,24,3.461402254080181
ppo,queue,raw,s42,paper,828,26,3.3020556273100365
ppo,queue,raw,s42,paper,829,32,2.2486255168380462
ppo,queue,raw,s42,paper,830,33,2.390160745827605
ppo,queue,raw,s42,paper,831,36,1.4708727754872428
ppo,queue,raw,s42,paper,832,38,1.3180318932392618
ppo,queue,raw,s42,paper,833,43,1.146203924188199
ppo,queue,raw,s42,paper,834,35,2.3591487577559356
ppo,queue,raw,s42,paper,835,35,3.8479190629374544
ppo,queue,raw,s42,paper,836,37,3.717678228921255
ppo,queue,raw,s42,paper,837,39,2.7085459913029615
ppo,queue,raw,s42,paper,838,39,1.980017402109972
ppo,queue,raw,s42,paper,839,41,0.640702913551068
ppo,queue,raw,s42,paper,840,43,0.23036059068820877
ppo,queue,raw,s42,paper,841,46,0.13025699169545413
ppo,queue,raw,s42,paper,842,45,1.6066088214328278
ppo,queue,raw,s42,paper,843,37,3.5595667416200505
ppo,queue,raw,s42,paper,844,32,4.103376428659606
ppo,queue,raw,s42,paper,845,33,4.4839213546050205
ppo,queue,raw,s42,paper,846,29,4.659540206557851
ppo,queue,raw,s42,paper,847,25,4.649399792222577
ppo,queue,raw,s42,paper,848,22,5.4122256471974595
ppo,queue,raw,s42,paper,849,23,4.23253891619846
ppo,queue,raw,s42,paper,850,23,4.331244200370973
ppo,queue,raw,s42,paper,851,23,4.400608140875322
ppo,queue,raw,s42,paper,852,30,3.057473636104263
ppo,queue,raw,s42,paper,853,34,2.337667926283375
ppo,queue,raw,s42,paper,854,37,2.1243669573305506
ppo,queue,raw,s42,paper,855,38,2.422664066090279
ppo,queue,raw,s42,paper,856,44,1.47627085671889
ppo,queue,raw,s42,paper,857,49,0.8689333850918649
ppo,queue,raw,s42,paper,858,45,1.7673599573873686
ppo,queue,raw,s42,paper,859,36,3.6807750220407103
ppo,queue,raw,s42,paper,860,39,4.530536791823548
ppo,queue,raw,s42,paper,861,42,3.1862518360124175
ppo,queue,raw,s42,paper,862,45,1.9867212452912901
ppo,queue,raw,s42,paper,863,42,1.0372235364523021
ppo,queue,raw,s42,paper,864,43,1.5803225573795914
ppo,queue,raw,s42,paper,865,44,1.1218401903045614
ppo,queue,raw,s42,paper,866,46,0.785813043727379
ppo,queue,raw,s42,paper,867,47,0.37953652010179423
ppo,queue,raw,s42,paper,868,48,0.6716737937452375
ppo,queue,raw,s42,paper,869,49,0.9173862623923005
ppo,queue,raw,s42,paper,870,51,0.5543353748325324
ppo,queue,raw,s42,paper,871,50,1.7596797270414
ppo,queue,raw,s42,paper,872,38,4.27840820557496
ppo,queue,raw,s42,paper,873,33,4.390543191542475
ppo,queue,raw,s42,paper,874,33,4.972321139288928
ppo,queue,raw,s42,paper,875,28,5.192549035078792
ppo,queue,raw,s42,paper,876,24,5.29299143814909
ppo,queue,raw,s42,paper,877,25,3.811605653952137
ppo,queue,raw,s42,paper,878,20,4.662317234099667
ppo,queue,raw,s42,paper,879,26,3.9156556875342465
ppo,queue,raw,s42,paper,880,30,3.7768318860357826
ppo,queue,raw,s42,paper,881,36,2.72194555483868
ppo,queue,raw,s42,paper,882,40,1.6595349009133873
ppo,queue,raw,s42,paper,883,45,1.690674083066251
ppo,queue,raw,s42,paper,884,45,1.7188879412291054
ppo,queue,raw,s42,paper,885,50,1.4673954721125375
ppo,queue,raw,s42,paper,886,48,1.2250721193796557
ppo,queue,raw,s42,paper,887,42,3.170491665742735
ppo,queue,raw,s42,paper,888,43,4.559460958033098
ppo,queue,raw,s42,paper,889,44,3.397774731712544
ppo,queue,raw,s42,paper,890,46,2.077885595942073
ppo,queue,raw,s42,paper,891,47,1.3977983649842427
ppo,queue,raw,s42,paper,892,46,1.6744237252181797
ppo,queue,raw,s42,paper,893,49,0.8843040644473421
ppo,queue,raw,s42,paper,894,52,0.1727065750913983
ppo,queue,raw,s42,paper,895,47,0.934735129391975
ppo,queue,raw,s42,paper,896,37,2.6209600304640572
ppo,queue,raw,s42,paper,897,29,4.80912926979079
ppo,queue,raw,s42,paper,898,26,5.773034883634863
ppo,queue,raw,s42,paper,899,20,6.114353903097056
ppo,queue,raw,s42,paper,900,21,6.536170479264852
ppo,queue,raw,s42,paper,901,15,6.472829722353456
ppo,queue,raw,s42,paper,902,16,4.370305501926064
ppo,queue,raw,s42,paper,903,24,4.257486656178071
ppo,queue,raw,s42,paper,904,28,3.9406560839839333
ppo,queue,raw,s42,paper,905,33,2.5748524721836143
ppo,queue,raw,s42,paper,906,38,1.9928423752576718
ppo,queue,raw,s42,paper,907,40,1.746135442613388
ppo,queue,raw,s42,paper,908,44,1.945775754303584
ppo,queue,raw,s42,paper,909,47,1.2089217239833179
ppo,queue,raw,s42,paper,910,50,1.3270021919132198
ppo,queue,raw,s42,paper,911,42,3.323602456391501
ppo,queue,raw,s42,paper,912,42,4.347908285473959
ppo,queue,raw,s42,paper,913,46,3.5745151851938175
ppo,queue,raw,s42,paper,914,49,1.8049432648811112
ppo,queue,raw,s42,paper,915,49,1.3555585697568195
ppo,queue,raw,s42,paper,916,49,1.1939530773015385
ppo,queue,raw,s42,paper,917,51,1.009385212845405
ppo,queue,raw,s42,paper,918,51,1.1762896405587402
ppo,queue,raw,s42,paper,919,51,0.5523882357343137
ppo,queue,raw,s42,paper,920,43,2.4988970254341765
ppo,queue,raw,s42,paper,921,34,4.375802994253223
ppo,queue,raw,s42,paper,922,26,5.347724103659241
ppo,queue,raw,s42,paper,923,22,5.9486947773824195
ppo,queue,raw,s42,paper,924,19,6.590995121225148
ppo,queue,raw,s42,paper,925,16,5.731901582311904
ppo,queue,raw,s42,paper,926,17,4.536470111655788
ppo,queue,raw,s42,paper,927,16,5.090333294400261
ppo,queue,raw,s42,paper,928,20,4.760584043151458
ppo,queue,raw,s42,paper,929,30,3.660532318186844
ppo,queue,raw,s42,paper,930,30,4.14443259050299
ppo,queue,raw,s42,paper,931,38,2.5450854844368065
ppo,queue,raw,s42,paper,932,44,1.4431884401411161
ppo,queue,raw,s42,paper,933,46,1.602911656545618
ppo,queue,raw,s42,paper,934,45,1.7829927543679034
ppo,queue,raw,s42,paper,935,39,2.918940493299373
ppo,queue,raw,s42,paper,936,41,3.818687280037563
ppo,queue,raw,s42,paper,937,43,3.1204341701927785
ppo,queue,raw,s42,paper,938,46,1.3313400641765119
ppo,queue,raw,s42,paper,939,46,0.6239154738834446
ppo,queue,raw,s42,paper,940,46,1.0747682762098607
ppo,queue,raw,s42,paper,941,47,0.7712701448001493
ppo,queue,raw,s42,paper,942,49,0.6757173722166612
ppo,queue,raw,s42,paper,943,50,0.6539343881304351
ppo,queue,raw,s42,paper,944,40,2.0525099344015447
ppo,queue,raw,s42,paper,945,31,4.362494780311119
ppo,queue,raw,s42,paper,946,27,5.415118340327807
ppo,queue,raw,s42,paper,947,21,5.791777929180887
ppo,queue,raw,s42,paper,948,17,6.425291242717977
ppo,queue,raw,s42,paper,949,14,6.380627392098203
ppo,queue,raw,s42,paper,950,13,5.225477335532445
ppo,queue,raw,s42,paper,951,14,5.084842859918982
ppo,queue,raw,s42,paper,952,17,4.553716695343031
ppo,queue,raw,s42,paper,953,22,2.696614050867341
ppo,queue,raw,s42,paper,954,28,2.479519009766955
ppo,queue,raw,s42,paper,955,32,2.607493970721238
ppo,queue,raw,s42,paper,956,32,2.6329499671971144
ppo,queue,raw,s42,paper,957,36,1.8947672750338724
ppo,queue,raw,s42,paper,958,45,1.5100693821191382
ppo,queue,raw,s42,paper,959,35,4.232646856280946
ppo,queue,raw,s42,paper,960,38,4.118352370576533
ppo,queue,raw,s42,paper,961,43,3.084832789634624
ppo,queue,raw,s42,paper,962,44,2.346973790521029
ppo,queue,raw,s42,paper,963,45,0.9547109249253494
ppo,queue,raw,s42,paper,964,44,0.8398246486630181
ppo,queue,raw,s42,paper,965,47,1.001212730232406
ppo,queue,raw,s42,paper,966,45,1.5210915148638104
ppo,queue,raw,s42,paper,967,47,0.6507560981825151
ppo,queue,raw,s42,paper,968,41,1.6802487637129269
ppo,queue,raw,s42,paper,969,31,3.9694009730147877
ppo,queue,raw,s42,paper,970,26,5.435840283395724
ppo,queue,raw,s42,paper,971,21,6.149019733102561
ppo,queue,raw,s42,paper,972,16,5.713464506312979
ppo,queue,raw,s42,paper,973,14,6.174685546197344
ppo,queue,raw,s42,paper,974,13,5.556807545700639
ppo,queue,raw,s42,paper,975,10,5.4893764028442
ppo,queue,raw,s42,paper,976,18,4.835842484014065
ppo,queue,raw,s42,paper,977,22,3.308797255534392
ppo,queue,raw,s42,paper,978,27,2.315850710668217
ppo,queue,raw,s42,paper,979,28,2.4894743352112148
ppo,queue,raw,s42,paper,980,32,2.221020116297009
ppo,queue,raw,s42,paper,981,34,2.1466419975496165
ppo,queue,raw,s42,paper,982,40,2.004624222480424
ppo,queue,raw,s42,paper,983,34,2.554098032456085
ppo,queue,raw,s42,paper,984,36,3.102949418276366
ppo,queue,raw,s42,paper,985,42,2.478784659946365
ppo,queue,raw,s42,paper,986,42,1.3705013948733276
ppo,queue,raw,s42,paper,987,46,1.562540523631285
ppo,queue,raw,s42,paper,988,44,2.3636083541925386
ppo,queue,raw,s42,paper,989,48,0.9061708576643653
ppo,queue,raw,s42,paper,990,52,0.9101685142877646
ppo,queue,raw,s42,paper,991,53,1.2123937250776151
ppo,queue,raw,s42,paper,992,48,1.0047435127698847
ppo,queue,raw,s42,paper,993,39,2.978434203651644
ppo,queue,raw,s42,paper,994,31,5.218056909864571
ppo,queue,raw,s42,paper,995,27,5.504151365737913
ppo,queue,raw,s42,paper,996,22,5.211767289178893
ppo,queue,raw,s42,paper,997,21,5.444909815666847
ppo,queue,raw,s42,paper,998,19,4.966712951296856
ppo,queue,raw,s42,paper,999,18,4.261856395025955
